"batch_id","product_id","title","url","viewport","viewport_width","viewport_height","response_status","document_scroll_width","document_scroll_height","horizontal_overflow","h1_count","heading_hierarchy_valid","image_count","broken_image_count","quote_form_present","cta_count","internal_link_count","banned_phrases","screenshot_truncated","screenshot_path","screenshot_bytes","viewport_screenshot_path","viewport_screenshot_bytes","qa_status","qa_failures","error"
"BATCH-01","386","Custom Printed Corrugated Ecommerce Box","http://localhost/hopgiayvpn/product/custom-printed-corrugated-ecommerce-box/","desktop-1440","1440","1000","200","1440","10770","false","1","true","12","0","true","3","4","","false","artifacts/product-seo-release-checkpoint-v1/screenshots/BATCH-01/386-custom-printed-corrugated-ecommerce-box-desktop-1440.png","1474059","artifacts/product-seo-release-checkpoint-v1/screenshots/BATCH-01/386-custom-printed-corrugated-ecommerce-box-desktop-1440-viewport.png","314131","PASS","",""
"BATCH-01","386","Custom Printed Corrugated Ecommerce Box","http://localhost/hopgiayvpn/product/custom-printed-corrugated-ecommerce-box/","mobile-390","390","844","200","390","16947","false","1","true","12","0","true","3","4","","false","artifacts/product-seo-release-checkpoint-v1/screenshots/BATCH-01/386-custom-printed-corrugated-ecommerce-box-mobile-390.png","1195839","artifacts/product-seo-release-checkpoint-v1/screenshots/BATCH-01/386-custom-printed-corrugated-ecommerce-box-mobile-390-viewport.png","100753","PASS","",""
"BATCH-01","6024","CUSTOM CORRUGATED SUBSCRIPTION BOX","http://localhost/hopgiayvpn/product/custom-corrugated-subscription-box/","desktop-1440","1440","1000","200","1440","11026","false","1","true","14","0","true","3","6","","false","artifacts/product-seo-release-checkpoint-v1/screenshots/BATCH-01/6024-custom-corrugated-subscription-box-desktop-1440.png","1661633","artifacts/product-seo-release-checkpoint-v1/screenshots/BATCH-01/6024-custom-corrugated-subscription-box-desktop-1440-viewport.png","290246","PASS","",""
"BATCH-01","6024","CUSTOM CORRUGATED SUBSCRIPTION BOX","http://localhost/hopgiayvpn/product/custom-corrugated-subscription-box/","mobile-390","390","844","200","390","17265","false","1","true","14","0","true","3","6","","false","artifacts/product-seo-release-checkpoint-v1/screenshots/BATCH-01/6024-custom-corrugated-subscription-box-mobile-390.png","1225206","artifacts/product-seo-release-checkpoint-v1/screenshots/BATCH-01/6024-custom-corrugated-subscription-box-mobile-390-viewport.png","95961","PASS","",""
"BATCH-02","773","CUSTOM COSMETIC PACKAGING BOX","http://localhost/hopgiayvpn/product/custom-cosmetic-packaging-box/","desktop-1440","1440","1000","200","1440","10773","false","1","true","20","0","true","3","6","","false","artifacts/product-seo-release-checkpoint-v1/screenshots/BATCH-02/773-custom-cosmetic-packaging-box-desktop-1440.png","1577213","artifacts/product-seo-release-checkpoint-v1/screenshots/BATCH-02/773-custom-cosmetic-packaging-box-desktop-1440-viewport.png","269421","PASS","",""
"BATCH-02","773","CUSTOM COSMETIC PACKAGING BOX","http://localhost/hopgiayvpn/product/custom-cosmetic-packaging-box/","mobile-390","390","844","200","390","16154","false","1","true","20","0","true","3","6","","false","artifacts/product-seo-release-checkpoint-v1/screenshots/BATCH-02/773-custom-cosmetic-packaging-box-mobile-390.png","1121857","artifacts/product-seo-release-checkpoint-v1/screenshots/BATCH-02/773-custom-cosmetic-packaging-box-mobile-390-viewport.png","97081","PASS","",""
"BATCH-02","5557","CUSTOM PERFUME AND LOTION GIFT SET BOX","http://localhost/hopgiayvpn/product/custom-perfume-and-lotion-gift-set-box/","desktop-1440","1440","1000","200","1440","10698","false","1","true","16","0","true","3","6","","false","artifacts/product-seo-release-checkpoint-v1/screenshots/BATCH-02/5557-custom-perfume-and-lotion-gift-set-box-desktop-1440.png","1643051","artifacts/product-seo-release-checkpoint-v1/screenshots/BATCH-02/5557-custom-perfume-and-lotion-gift-set-box-desktop-1440-viewport.png","346510","PASS","",""
"BATCH-02","5557","CUSTOM PERFUME AND LOTION GIFT SET BOX","http://localhost/hopgiayvpn/product/custom-perfume-and-lotion-gift-set-box/","mobile-390","390","844","200","390","16405","false","1","true","16","0","true","3","6","","false","artifacts/product-seo-release-checkpoint-v1/screenshots/BATCH-02/5557-custom-perfume-and-lotion-gift-set-box-mobile-390.png","1167716","artifacts/product-seo-release-checkpoint-v1/screenshots/BATCH-02/5557-custom-perfume-and-lotion-gift-set-box-mobile-390-viewport.png","97145","PASS","",""
"BATCH-03","240","Custom Cosmetic Tube Packaging Box with Insert","http://localhost/hopgiayvpn/product/custom-cosmetic-tube-packaging-box-with-insert/","desktop-1440","1440","1000","200","1440","10833","false","1","true","20","0","true","3","4","","false","artifacts/product-seo-release-checkpoint-v1/screenshots/BATCH-03/240-custom-cosmetic-tube-packaging-box-with-insert-desktop-1440.png","1609972","artifacts/product-seo-release-checkpoint-v1/screenshots/BATCH-03/240-custom-cosmetic-tube-packaging-box-with-insert-desktop-1440-viewport.png","260877","PASS","",""
"BATCH-03","240","Custom Cosmetic Tube Packaging Box with Insert","http://localhost/hopgiayvpn/product/custom-cosmetic-tube-packaging-box-with-insert/","mobile-390","390","844","200","390","16685","false","1","true","20","0","true","3","4","","false","artifacts/product-seo-release-checkpoint-v1/screenshots/BATCH-03/240-custom-cosmetic-tube-packaging-box-with-insert-mobile-390.png","1173288","artifacts/product-seo-release-checkpoint-v1/screenshots/BATCH-03/240-custom-cosmetic-tube-packaging-box-with-insert-mobile-390-viewport.png","89999","PASS","",""
"BATCH-03","1420","CUSTOM SKINCARE SET PACKAGING BOX","http://localhost/hopgiayvpn/product/custom-skincare-set-packaging-box/","desktop-1440","1440","1000","200","1440","10864","false","1","true","16","0","true","3","6","","false","artifacts/product-seo-release-checkpoint-v1/screenshots/BATCH-03/1420-custom-skincare-set-packaging-box-desktop-1440.png","1767583","artifacts/product-seo-release-checkpoint-v1/screenshots/BATCH-03/1420-custom-skincare-set-packaging-box-desktop-1440-viewport.png","368574","PASS","",""
"BATCH-03","1420","CUSTOM SKINCARE SET PACKAGING BOX","http://localhost/hopgiayvpn/product/custom-skincare-set-packaging-box/","mobile-390","390","844","200","390","17195","false","1","true","16","0","true","3","6","","false","artifacts/product-seo-release-checkpoint-v1/screenshots/BATCH-03/1420-custom-skincare-set-packaging-box-mobile-390.png","1266276","artifacts/product-seo-release-checkpoint-v1/screenshots/BATCH-03/1420-custom-skincare-set-packaging-box-mobile-390-viewport.png","127470","PASS","",""
"BATCH-04","397","Custom Magnetic Gift Box with Insert Tray","http://localhost/hopgiayvpn/product/custom-magnetic-gift-box-with-insert-tray/","desktop-1440","1440","1000","200","1440","10706","false","1","true","14","0","true","3","4","","false","artifacts/product-seo-release-checkpoint-v1/screenshots/BATCH-04/397-custom-magnetic-gift-box-with-insert-tray-desktop-1440.png","1803064","artifacts/product-seo-release-checkpoint-v1/screenshots/BATCH-04/397-custom-magnetic-gift-box-with-insert-tray-desktop-1440-viewport.png","466853","PASS","",""
"BATCH-04","397","Custom Magnetic Gift Box with Insert Tray","http://localhost/hopgiayvpn/product/custom-magnetic-gift-box-with-insert-tray/","mobile-390","390","844","200","390","16526","false","1","true","14","0","true","3","4","","false","artifacts/product-seo-release-checkpoint-v1/screenshots/BATCH-04/397-custom-magnetic-gift-box-with-insert-tray-mobile-390.png","1208963","artifacts/product-seo-release-checkpoint-v1/screenshots/BATCH-04/397-custom-magnetic-gift-box-with-insert-tray-mobile-390-viewport.png","132758","PASS","",""
"BATCH-04","5709","CUSTOM LUXURY PERFUME BOX WITH MAGNETIC CLOSURE","http://localhost/hopgiayvpn/product/custom-luxury-perfume-box-with-magnetic-closure/","desktop-1440","1440","1000","200","1440","10741","false","1","true","16","0","true","3","6","","false","artifacts/product-seo-release-checkpoint-v1/screenshots/BATCH-04/5709-custom-luxury-perfume-box-with-magnetic-closure-desktop-1440.png","1648976","artifacts/product-seo-release-checkpoint-v1/screenshots/BATCH-04/5709-custom-luxury-perfume-box-with-magnetic-closure-desktop-1440-viewport.png","328113","PASS","",""
"BATCH-04","5709","CUSTOM LUXURY PERFUME BOX WITH MAGNETIC CLOSURE","http://localhost/hopgiayvpn/product/custom-luxury-perfume-box-with-magnetic-closure/","mobile-390","390","844","200","390","16667","false","1","true","16","0","true","3","6","","false","artifacts/product-seo-release-checkpoint-v1/screenshots/BATCH-04/5709-custom-luxury-perfume-box-with-magnetic-closure-mobile-390.png","1190342","artifacts/product-seo-release-checkpoint-v1/screenshots/BATCH-04/5709-custom-luxury-perfume-box-with-magnetic-closure-mobile-390-viewport.png","107464","PASS","",""
"BATCH-05","771","CUSTOM COLORED PENCIL PACKAGING BOX","http://localhost/hopgiayvpn/product/custom-colored-pencil-packaging-box/","desktop-1440","1440","1000","200","1440","10872","false","1","true","16","0","true","3","5","","false","artifacts/product-seo-release-checkpoint-v1/screenshots/BATCH-05/771-custom-colored-pencil-packaging-box-desktop-1440.png","1679285","artifacts/product-seo-release-checkpoint-v1/screenshots/BATCH-05/771-custom-colored-pencil-packaging-box-desktop-1440-viewport.png","318784","PASS","",""
"BATCH-05","771","CUSTOM COLORED PENCIL PACKAGING BOX","http://localhost/hopgiayvpn/product/custom-colored-pencil-packaging-box/","mobile-390","390","844","200","390","16823","false","1","true","16","0","true","3","5","","false","artifacts/product-seo-release-checkpoint-v1/screenshots/BATCH-05/771-custom-colored-pencil-packaging-box-mobile-390.png","1205050","artifacts/product-seo-release-checkpoint-v1/screenshots/BATCH-05/771-custom-colored-pencil-packaging-box-mobile-390-viewport.png","96168","PASS","",""
"BATCH-05","7209","CUSTOM BIRTHDAY PAPER GIFT BAG WITH PRESENT PRINT","http://localhost/hopgiayvpn/product/custom-birthday-paper-gift-bag-with-present-print/","desktop-1440","1440","1000","200","1440","10675","false","1","true","16","0","true","3","5","","false","artifacts/product-seo-release-checkpoint-v1/screenshots/BATCH-05/7209-custom-birthday-paper-gift-bag-with-present-print-desktop-1440.png","1648848","artifacts/product-seo-release-checkpoint-v1/screenshots/BATCH-05/7209-custom-birthday-paper-gift-bag-with-present-print-desktop-1440-viewport.png","336494","PASS","",""
"BATCH-05","7209","CUSTOM BIRTHDAY PAPER GIFT BAG WITH PRESENT PRINT","http://localhost/hopgiayvpn/product/custom-birthday-paper-gift-bag-with-present-print/","mobile-390","390","844","200","390","16122","false","1","true","16","0","true","3","5","","false","artifacts/product-seo-release-checkpoint-v1/screenshots/BATCH-05/7209-custom-birthday-paper-gift-bag-with-present-print-mobile-390.png","1138903","artifacts/product-seo-release-checkpoint-v1/screenshots/BATCH-05/7209-custom-birthday-paper-gift-bag-with-present-print-mobile-390-viewport.png","97116","PASS","",""
"BATCH-06","228","Custom Cylindrical Paper Tube Box","http://localhost/hopgiayvpn/product/custom-cylindrical-paper-tube-box/","desktop-1440","1440","1000","200","1440","10069","false","1","true","5","0","true","3","4","","false","artifacts/product-seo-release-checkpoint-v1/screenshots/BATCH-06/228-custom-cylindrical-paper-tube-box-desktop-1440.png","1471554","artifacts/product-seo-release-checkpoint-v1/screenshots/BATCH-06/228-custom-cylindrical-paper-tube-box-desktop-1440-viewport.png","247084","PASS","",""
"BATCH-06","228","Custom Cylindrical Paper Tube Box","http://localhost/hopgiayvpn/product/custom-cylindrical-paper-tube-box/","mobile-390","390","844","200","390","15665","false","1","true","5","0","true","3","4","","false","artifacts/product-seo-release-checkpoint-v1/screenshots/BATCH-06/228-custom-cylindrical-paper-tube-box-mobile-390.png","1089370","artifacts/product-seo-release-checkpoint-v1/screenshots/BATCH-06/228-custom-cylindrical-paper-tube-box-mobile-390-viewport.png","87396","PASS","",""
"BATCH-06","7291","CUSTOM CHRISTMAS GIFT BOX WITH RIBBON","http://localhost/hopgiayvpn/product/custom-christmas-gift-box-with-ribbon/","desktop-1440","1440","1000","200","1440","10997","false","1","true","16","0","true","3","5","","false","artifacts/product-seo-release-checkpoint-v1/screenshots/BATCH-06/7291-custom-christmas-gift-box-with-ribbon-desktop-1440.png","1748287","artifacts/product-seo-release-checkpoint-v1/screenshots/BATCH-06/7291-custom-christmas-gift-box-with-ribbon-desktop-1440-viewport.png","376588","PASS","",""
"BATCH-06","7291","CUSTOM CHRISTMAS GIFT BOX WITH RIBBON","http://localhost/hopgiayvpn/product/custom-christmas-gift-box-with-ribbon/","mobile-390","390","844","200","390","17169","false","1","true","16","0","true","3","5","","false","artifacts/product-seo-release-checkpoint-v1/screenshots/BATCH-06/7291-custom-christmas-gift-box-with-ribbon-mobile-390.png","1238195","artifacts/product-seo-release-checkpoint-v1/screenshots/BATCH-06/7291-custom-christmas-gift-box-with-ribbon-mobile-390-viewport.png","102225","PASS","",""
"BATCH-07","7095","CUSTOM PET FOOD PACKAGING BOX","http://localhost/hopgiayvpn/product/custom-pet-food-packaging-box/","desktop-1440","1440","1000","200","1440","10587","false","1","true","16","0","true","3","6","","false","artifacts/product-seo-release-checkpoint-v1/screenshots/BATCH-07/7095-custom-pet-food-packaging-box-desktop-1440.png","1640288","artifacts/product-seo-release-checkpoint-v1/screenshots/BATCH-07/7095-custom-pet-food-packaging-box-desktop-1440-viewport.png","353869","PASS","",""
"BATCH-07","7095","CUSTOM PET FOOD PACKAGING BOX","http://localhost/hopgiayvpn/product/custom-pet-food-packaging-box/","mobile-390","390","844","200","390","16168","false","1","true","16","0","true","3","6","","false","artifacts/product-seo-release-checkpoint-v1/screenshots/BATCH-07/7095-custom-pet-food-packaging-box-mobile-390.png","1154711","artifacts/product-seo-release-checkpoint-v1/screenshots/BATCH-07/7095-custom-pet-food-packaging-box-mobile-390-viewport.png","112029","PASS","",""
"BATCH-07","7101","PET SUPPLEMENT PACKAGING BOX","http://localhost/hopgiayvpn/product/pet-supplement-packaging-box/","desktop-1440","1440","1000","200","1440","10569","false","1","true","16","0","true","3","6","","false","artifacts/product-seo-release-checkpoint-v1/screenshots/BATCH-07/7101-pet-supplement-packaging-box-desktop-1440.png","1594808","artifacts/product-seo-release-checkpoint-v1/screenshots/BATCH-07/7101-pet-supplement-packaging-box-desktop-1440-viewport.png","313085","PASS","",""
"BATCH-07","7101","PET SUPPLEMENT PACKAGING BOX","http://localhost/hopgiayvpn/product/pet-supplement-packaging-box/","mobile-390","390","844","200","390","16167","false","1","true","16","0","true","3","6","","false","artifacts/product-seo-release-checkpoint-v1/screenshots/BATCH-07/7101-pet-supplement-packaging-box-mobile-390.png","1138150","artifacts/product-seo-release-checkpoint-v1/screenshots/BATCH-07/7101-pet-supplement-packaging-box-mobile-390-viewport.png","110261","PASS","",""
"BATCH-08","235","Custom Essential Oil Packaging Box with Insert","http://localhost/hopgiayvpn/product/custom-essential-oil-packaging-box-with-insert/","desktop-1440","1440","1000","200","1440","10803","false","1","true","18","0","true","3","4","","false","artifacts/product-seo-release-checkpoint-v1/screenshots/BATCH-08/235-custom-essential-oil-packaging-box-with-insert-desktop-1440.png","1655845","artifacts/product-seo-release-checkpoint-v1/screenshots/BATCH-08/235-custom-essential-oil-packaging-box-with-insert-desktop-1440-viewport.png","308047","PASS","",""
"BATCH-08","235","Custom Essential Oil Packaging Box with Insert","http://localhost/hopgiayvpn/product/custom-essential-oil-packaging-box-with-insert/","mobile-390","390","844","200","390","16600","false","1","true","18","0","true","3","4","","false","artifacts/product-seo-release-checkpoint-v1/screenshots/BATCH-08/235-custom-essential-oil-packaging-box-with-insert-mobile-390.png","1176009","artifacts/product-seo-release-checkpoint-v1/screenshots/BATCH-08/235-custom-essential-oil-packaging-box-with-insert-mobile-390-viewport.png","94524","PASS","",""
"BATCH-08","7192","CUSTOM PINK PAPER GIFT BAG WITH TWISTED HANDLES","http://localhost/hopgiayvpn/product/custom-pink-paper-gift-bag-with-twisted-handles/","desktop-1440","1440","1000","200","1440","10635","false","1","true","20","0","true","3","5","","false","artifacts/product-seo-release-checkpoint-v1/screenshots/BATCH-08/7192-custom-pink-paper-gift-bag-with-twisted-handles-desktop-1440.png","1524675","artifacts/product-seo-release-checkpoint-v1/screenshots/BATCH-08/7192-custom-pink-paper-gift-bag-with-twisted-handles-desktop-1440-viewport.png","250192","PASS","",""
"BATCH-08","7192","CUSTOM PINK PAPER GIFT BAG WITH TWISTED HANDLES","http://localhost/hopgiayvpn/product/custom-pink-paper-gift-bag-with-twisted-handles/","mobile-390","390","844","200","390","16137","false","1","true","20","0","true","3","5","","false","artifacts/product-seo-release-checkpoint-v1/screenshots/BATCH-08/7192-custom-pink-paper-gift-bag-with-twisted-handles-mobile-390.png","1115227","artifacts/product-seo-release-checkpoint-v1/screenshots/BATCH-08/7192-custom-pink-paper-gift-bag-with-twisted-handles-mobile-390-viewport.png","82500","PASS","",""
"BATCH-09","234","Custom Incense Packaging Box with Window","http://localhost/hopgiayvpn/product/custom-incense-packaging-box-with-window/","desktop-1440","1440","1000","200","1440","10374","false","1","true","9","0","true","3","1","","false","artifacts/product-seo-release-checkpoint-v1/screenshots/BATCH-09/234-custom-incense-packaging-box-with-window-desktop-1440.png","1685980","artifacts/product-seo-release-checkpoint-v1/screenshots/BATCH-09/234-custom-incense-packaging-box-with-window-desktop-1440-viewport.png","396816","PASS","",""
"BATCH-09","234","Custom Incense Packaging Box with Window","http://localhost/hopgiayvpn/product/custom-incense-packaging-box-with-window/","mobile-390","390","844","200","390","16276","false","1","true","9","0","true","3","1","","false","artifacts/product-seo-release-checkpoint-v1/screenshots/BATCH-09/234-custom-incense-packaging-box-with-window-mobile-390.png","1178181","artifacts/product-seo-release-checkpoint-v1/screenshots/BATCH-09/234-custom-incense-packaging-box-with-window-mobile-390-viewport.png","136786","PASS","",""
"BATCH-09","829","Custom Vial Boxes for Glass Vials, Ampoules and Lab Samples","http://localhost/hopgiayvpn/product/custom-vial-packaging-box/","desktop-1440","1440","1000","200","1440","12195","false","1","true","22","0","true","3","4","","false","artifacts/product-seo-release-checkpoint-v1/screenshots/BATCH-09/829-custom-vial-packaging-box-desktop-1440.png","1872703","artifacts/product-seo-release-checkpoint-v1/screenshots/BATCH-09/829-custom-vial-packaging-box-desktop-1440-viewport.png","285341","PASS","",""
"BATCH-09","829","Custom Vial Boxes for Glass Vials, Ampoules and Lab Samples","http://localhost/hopgiayvpn/product/custom-vial-packaging-box/","mobile-390","390","844","200","390","18846","false","1","true","22","0","true","3","4","","false","artifacts/product-seo-release-checkpoint-v1/screenshots/BATCH-09/829-custom-vial-packaging-box-mobile-390.png","1368009","artifacts/product-seo-release-checkpoint-v1/screenshots/BATCH-09/829-custom-vial-packaging-box-mobile-390-viewport.png","94046","PASS","",""
"BATCH-10","239","Custom Pizza Packaging Box","http://localhost/hopgiayvpn/product/custom-pizza-packaging-box/","desktop-1440","1440","1000","200","1440","10774","false","1","true","12","0","true","3","4","","false","artifacts/product-seo-release-checkpoint-v1/screenshots/BATCH-10/239-custom-pizza-packaging-box-desktop-1440.png","1637271","artifacts/product-seo-release-checkpoint-v1/screenshots/BATCH-10/239-custom-pizza-packaging-box-desktop-1440-viewport.png","311004","PASS","",""
"BATCH-10","239","Custom Pizza Packaging Box","http://localhost/hopgiayvpn/product/custom-pizza-packaging-box/","mobile-390","390","844","200","390","16875","false","1","true","12","0","true","3","4","","false","artifacts/product-seo-release-checkpoint-v1/screenshots/BATCH-10/239-custom-pizza-packaging-box-mobile-390.png","1171800","artifacts/product-seo-release-checkpoint-v1/screenshots/BATCH-10/239-custom-pizza-packaging-box-mobile-390-viewport.png","93118","PASS","",""
"BATCH-10","1026","CUSTOM GREEN BIRD NEST COMPARTMENT GIFT BOX","http://localhost/hopgiayvpn/product/custom-green-bird-nest-compartment-gift-box/","desktop-1440","1440","1000","200","1440","10765","false","1","true","20","0","true","3","5","","false","artifacts/product-seo-release-checkpoint-v1/screenshots/BATCH-10/1026-custom-green-bird-nest-compartment-gift-box-desktop-1440.png","1688161","artifacts/product-seo-release-checkpoint-v1/screenshots/BATCH-10/1026-custom-green-bird-nest-compartment-gift-box-desktop-1440-viewport.png","361515","PASS","",""
"BATCH-10","1026","CUSTOM GREEN BIRD NEST COMPARTMENT GIFT BOX","http://localhost/hopgiayvpn/product/custom-green-bird-nest-compartment-gift-box/","mobile-390","390","844","200","390","16282","false","1","true","20","0","true","3","5","","false","artifacts/product-seo-release-checkpoint-v1/screenshots/BATCH-10/1026-custom-green-bird-nest-compartment-gift-box-mobile-390.png","1167802","artifacts/product-seo-release-checkpoint-v1/screenshots/BATCH-10/1026-custom-green-bird-nest-compartment-gift-box-mobile-390-viewport.png","103255","PASS","",""
"BATCH-11","230","Custom Pastry Display Box with Drawer","http://localhost/hopgiayvpn/product/custom-pastry-display-box-with-drawer/","desktop-1440","1440","1000","200","1440","10891","false","1","true","20","0","true","3","4","","false","artifacts/product-seo-release-checkpoint-v1/screenshots/BATCH-11/230-custom-pastry-display-box-with-drawer-desktop-1440.png","1672097","artifacts/product-seo-release-checkpoint-v1/screenshots/BATCH-11/230-custom-pastry-display-box-with-drawer-desktop-1440-viewport.png","299259","PASS","",""
"BATCH-11","230","Custom Pastry Display Box with Drawer","http://localhost/hopgiayvpn/product/custom-pastry-display-box-with-drawer/","mobile-390","390","844","200","390","16546","false","1","true","20","0","true","3","4","","false","artifacts/product-seo-release-checkpoint-v1/screenshots/BATCH-11/230-custom-pastry-display-box-with-drawer-mobile-390.png","1188083","artifacts/product-seo-release-checkpoint-v1/screenshots/BATCH-11/230-custom-pastry-display-box-with-drawer-mobile-390-viewport.png","102236","PASS","",""
"BATCH-11","1024","CUSTOM GREEN BIRD NEST GIFT BOX WITH HANDLE","http://localhost/hopgiayvpn/product/custom-green-bird-nest-gift-box-with-handle/","desktop-1440","1440","1000","200","1440","10814","false","1","true","18","0","true","3","5","","false","artifacts/product-seo-release-checkpoint-v1/screenshots/BATCH-11/1024-custom-green-bird-nest-gift-box-with-handle-desktop-1440.png","1568753","artifacts/product-seo-release-checkpoint-v1/screenshots/BATCH-11/1024-custom-green-bird-nest-gift-box-with-handle-desktop-1440-viewport.png","237725","PASS","",""
"BATCH-11","1024","CUSTOM GREEN BIRD NEST GIFT BOX WITH HANDLE","http://localhost/hopgiayvpn/product/custom-green-bird-nest-gift-box-with-handle/","mobile-390","390","844","200","390","16268","false","1","true","18","0","true","3","5","","false","artifacts/product-seo-release-checkpoint-v1/screenshots/BATCH-11/1024-custom-green-bird-nest-gift-box-with-handle-mobile-390.png","1140382","artifacts/product-seo-release-checkpoint-v1/screenshots/BATCH-11/1024-custom-green-bird-nest-gift-box-with-handle-mobile-390-viewport.png","79162","PASS","",""
"BATCH-12","231","Custom Wine Drawer Box with Insert","http://localhost/hopgiayvpn/product/custom-wine-drawer-box-with-insert/","desktop-1440","1440","1000","200","1440","10905","false","1","true","18","0","true","3","4","","false","artifacts/product-seo-release-checkpoint-v1/screenshots/BATCH-12/231-custom-wine-drawer-box-with-insert-desktop-1440.png","1721911","artifacts/product-seo-release-checkpoint-v1/screenshots/BATCH-12/231-custom-wine-drawer-box-with-insert-desktop-1440-viewport.png","375072","PASS","",""
"BATCH-12","231","Custom Wine Drawer Box with Insert","http://localhost/hopgiayvpn/product/custom-wine-drawer-box-with-insert/","mobile-390","390","844","200","390","16651","false","1","true","18","0","true","3","4","","false","artifacts/product-seo-release-checkpoint-v1/screenshots/BATCH-12/231-custom-wine-drawer-box-with-insert-mobile-390.png","1211488","artifacts/product-seo-release-checkpoint-v1/screenshots/BATCH-12/231-custom-wine-drawer-box-with-insert-mobile-390-viewport.png","131081","PASS","",""
"BATCH-12","840","CUSTOM WINE BOTTLE PACKAGING BOX","http://localhost/hopgiayvpn/product/custom-wine-bottle-packaging-box/","desktop-1440","1440","1000","200","1440","10767","false","1","true","16","0","true","3","5","","false","artifacts/product-seo-release-checkpoint-v1/screenshots/BATCH-12/840-custom-wine-bottle-packaging-box-desktop-1440.png","1702706","artifacts/product-seo-release-checkpoint-v1/screenshots/BATCH-12/840-custom-wine-bottle-packaging-box-desktop-1440-viewport.png","357791","PASS","",""
"BATCH-12","840","CUSTOM WINE BOTTLE PACKAGING BOX","http://localhost/hopgiayvpn/product/custom-wine-bottle-packaging-box/","mobile-390","390","844","200","390","16809","false","1","true","16","0","true","3","5","","false","artifacts/product-seo-release-checkpoint-v1/screenshots/BATCH-12/840-custom-wine-bottle-packaging-box-mobile-390.png","1216986","artifacts/product-seo-release-checkpoint-v1/screenshots/BATCH-12/840-custom-wine-bottle-packaging-box-mobile-390-viewport.png","108461","PASS","",""
"BATCH-13","229","Custom Flat Rigid Gift Box with Ribbon","http://localhost/hopgiayvpn/product/custom-flat-rigid-gift-box-with-ribbon/","desktop-1440","1440","1000","200","1440","10367","false","1","true","9","0","true","3","4","","false","artifacts/product-seo-release-checkpoint-v1/screenshots/BATCH-13/229-custom-flat-rigid-gift-box-with-ribbon-desktop-1440.png","1499277","artifacts/product-seo-release-checkpoint-v1/screenshots/BATCH-13/229-custom-flat-rigid-gift-box-with-ribbon-desktop-1440-viewport.png","292639","PASS","",""
"BATCH-13","229","Custom Flat Rigid Gift Box with Ribbon","http://localhost/hopgiayvpn/product/custom-flat-rigid-gift-box-with-ribbon/","mobile-390","390","844","200","390","15602","false","1","true","9","0","true","3","4","","false","artifacts/product-seo-release-checkpoint-v1/screenshots/BATCH-13/229-custom-flat-rigid-gift-box-with-ribbon-mobile-390.png","1081558","artifacts/product-seo-release-checkpoint-v1/screenshots/BATCH-13/229-custom-flat-rigid-gift-box-with-ribbon-mobile-390-viewport.png","115490","PASS","",""
"BATCH-13","1291","CUSTOM RING BOX WITH VELVET INSERT","http://localhost/hopgiayvpn/product/custom-ring-box-with-velvet-insert/","desktop-1440","1440","1000","200","1440","10536","false","1","true","16","0","true","3","5","","false","artifacts/product-seo-release-checkpoint-v1/screenshots/BATCH-13/1291-custom-ring-box-with-velvet-insert-desktop-1440.png","1689067","artifacts/product-seo-release-checkpoint-v1/screenshots/BATCH-13/1291-custom-ring-box-with-velvet-insert-desktop-1440-viewport.png","428341","PASS","",""
"BATCH-13","1291","CUSTOM RING BOX WITH VELVET INSERT","http://localhost/hopgiayvpn/product/custom-ring-box-with-velvet-insert/","mobile-390","390","844","200","390","15863","false","1","true","16","0","true","3","5","","false","artifacts/product-seo-release-checkpoint-v1/screenshots/BATCH-13/1291-custom-ring-box-with-velvet-insert-mobile-390.png","1148599","artifacts/product-seo-release-checkpoint-v1/screenshots/BATCH-13/1291-custom-ring-box-with-velvet-insert-mobile-390-viewport.png","141210","PASS","",""
"BATCH-14","725","CUSTOM LUXURY GIFT BOX WITH PAPER BAG","http://localhost/hopgiayvpn/product/custom-luxury-gift-box-with-paper-bag/","desktop-1440","1440","1000","200","1440","10686","false","1","true","16","0","true","3","5","","false","artifacts/product-seo-release-checkpoint-v1/screenshots/BATCH-14/725-custom-luxury-gift-box-with-paper-bag-desktop-1440.png","1653398","artifacts/product-seo-release-checkpoint-v1/screenshots/BATCH-14/725-custom-luxury-gift-box-with-paper-bag-desktop-1440-viewport.png","330217","PASS","",""
"BATCH-14","725","CUSTOM LUXURY GIFT BOX WITH PAPER BAG","http://localhost/hopgiayvpn/product/custom-luxury-gift-box-with-paper-bag/","mobile-390","390","844","200","390","16387","false","1","true","16","0","true","3","5","","false","artifacts/product-seo-release-checkpoint-v1/screenshots/BATCH-14/725-custom-luxury-gift-box-with-paper-bag-mobile-390.png","1165380","artifacts/product-seo-release-checkpoint-v1/screenshots/BATCH-14/725-custom-luxury-gift-box-with-paper-bag-mobile-390-viewport.png","100505","PASS","",""
"BATCH-14","7199","CUSTOM LIME GREEN PAPER SHOPPING BAG WITH ROPE HANDLES","http://localhost/hopgiayvpn/product/custom-lime-green-paper-shopping-bag-with-rope-handles/","desktop-1440","1440","1000","200","1440","10721","false","1","true","16","0","true","3","5","","false","artifacts/product-seo-release-checkpoint-v1/screenshots/BATCH-14/7199-custom-lime-green-paper-shopping-bag-with-rope-handles-desktop-1440.png","1634664","artifacts/product-seo-release-checkpoint-v1/screenshots/BATCH-14/7199-custom-lime-green-paper-shopping-bag-with-rope-handles-desktop-1440-viewport.png","317067","PASS","",""
"BATCH-14","7199","CUSTOM LIME GREEN PAPER SHOPPING BAG WITH ROPE HANDLES","http://localhost/hopgiayvpn/product/custom-lime-green-paper-shopping-bag-with-rope-handles/","mobile-390","390","844","200","390","16402","false","1","true","16","0","true","3","5","","false","artifacts/product-seo-release-checkpoint-v1/screenshots/BATCH-14/7199-custom-lime-green-paper-shopping-bag-with-rope-handles-mobile-390.png","1150949","artifacts/product-seo-release-checkpoint-v1/screenshots/BATCH-14/7199-custom-lime-green-paper-shopping-bag-with-rope-handles-mobile-390-viewport.png","96286","PASS","",""
"BATCH-15","245","Custom Apparel Drawer Box with Ribbon Pull","http://localhost/hopgiayvpn/product/custom-apparel-drawer-box-with-ribbon-pull/","desktop-1440","1440","1000","200","1440","10342","false","1","true","9","0","true","3","4","","false","artifacts/product-seo-release-checkpoint-v1/screenshots/BATCH-15/245-custom-apparel-drawer-box-with-ribbon-pull-desktop-1440.png","1483601","artifacts/product-seo-release-checkpoint-v1/screenshots/BATCH-15/245-custom-apparel-drawer-box-with-ribbon-pull-desktop-1440-viewport.png","270055","PASS","",""
"BATCH-15","245","Custom Apparel Drawer Box with Ribbon Pull","http://localhost/hopgiayvpn/product/custom-apparel-drawer-box-with-ribbon-pull/","mobile-390","390","844","200","390","15629","false","1","true","9","0","true","3","4","","false","artifacts/product-seo-release-checkpoint-v1/screenshots/BATCH-15/245-custom-apparel-drawer-box-with-ribbon-pull-mobile-390.png","1084448","artifacts/product-seo-release-checkpoint-v1/screenshots/BATCH-15/245-custom-apparel-drawer-box-with-ribbon-pull-mobile-390-viewport.png","107585","PASS","",""
"BATCH-15","1245","CUSTOM YOGA MAT PACKAGING BOX","http://localhost/hopgiayvpn/product/custom-yoga-mat-packaging-box/","desktop-1440","1440","1000","200","1440","10861","false","1","true","16","0","true","3","6","","false","artifacts/product-seo-release-checkpoint-v1/screenshots/BATCH-15/1245-custom-yoga-mat-packaging-box-desktop-1440.png","1716802","artifacts/product-seo-release-checkpoint-v1/screenshots/BATCH-15/1245-custom-yoga-mat-packaging-box-desktop-1440-viewport.png","366899","PASS","",""
"BATCH-15","1245","CUSTOM YOGA MAT PACKAGING BOX","http://localhost/hopgiayvpn/product/custom-yoga-mat-packaging-box/","mobile-390","390","844","200","390","16833","false","1","true","16","0","true","3","6","","false","artifacts/product-seo-release-checkpoint-v1/screenshots/BATCH-15/1245-custom-yoga-mat-packaging-box-mobile-390.png","1214745","artifacts/product-seo-release-checkpoint-v1/screenshots/BATCH-15/1245-custom-yoga-mat-packaging-box-mobile-390-viewport.png","116914","PASS","",""
"BATCH-16","426","CUSTOM MEDICAL KIT PACKAGING BOX","http://localhost/hopgiayvpn/product/custom-medical-kit-packaging-box/","desktop-1440","1440","1000","200","1440","11035","false","1","true","22","0","true","3","4","","false","artifacts/product-seo-release-checkpoint-v1/screenshots/BATCH-16/426-custom-medical-kit-packaging-box-desktop-1440.png","1610974","artifacts/product-seo-release-checkpoint-v1/screenshots/BATCH-16/426-custom-medical-kit-packaging-box-desktop-1440-viewport.png","216962","PASS","",""
"BATCH-16","426","CUSTOM MEDICAL KIT PACKAGING BOX","http://localhost/hopgiayvpn/product/custom-medical-kit-packaging-box/","mobile-390","390","844","200","390","17008","false","1","true","22","0","true","3","4","","false","artifacts/product-seo-release-checkpoint-v1/screenshots/BATCH-16/426-custom-medical-kit-packaging-box-mobile-390.png","1184602","artifacts/product-seo-release-checkpoint-v1/screenshots/BATCH-16/426-custom-medical-kit-packaging-box-mobile-390-viewport.png","83533","PASS","",""
"BATCH-16","815","CUSTOM TABLET PACKAGING BOX","http://localhost/hopgiayvpn/product/custom-tablet-packaging-box/","desktop-1440","1440","1000","200","1440","10928","false","1","true","18","0","true","3","5","","false","artifacts/product-seo-release-checkpoint-v1/screenshots/BATCH-16/815-custom-tablet-packaging-box-desktop-1440.png","1675367","artifacts/product-seo-release-checkpoint-v1/screenshots/BATCH-16/815-custom-tablet-packaging-box-desktop-1440-viewport.png","331207","PASS","",""
"BATCH-16","815","CUSTOM TABLET PACKAGING BOX","http://localhost/hopgiayvpn/product/custom-tablet-packaging-box/","mobile-390","390","844","200","390","16832","false","1","true","18","0","true","3","5","","false","artifacts/product-seo-release-checkpoint-v1/screenshots/BATCH-16/815-custom-tablet-packaging-box-mobile-390.png","1210348","artifacts/product-seo-release-checkpoint-v1/screenshots/BATCH-16/815-custom-tablet-packaging-box-mobile-390-viewport.png","114166","PASS","",""
"BATCH-17","233","Custom Candle Jar Box with Insert","http://localhost/hopgiayvpn/product/custom-candle-jar-box-with-insert/","desktop-1440","1440","1000","200","1440","10352","false","1","true","9","0","true","3","4","","false","artifacts/product-seo-release-checkpoint-v1/screenshots/BATCH-17/233-custom-candle-jar-box-with-insert-desktop-1440.png","1474787","artifacts/product-seo-release-checkpoint-v1/screenshots/BATCH-17/233-custom-candle-jar-box-with-insert-desktop-1440-viewport.png","262265","PASS","",""
"BATCH-17","233","Custom Candle Jar Box with Insert","http://localhost/hopgiayvpn/product/custom-candle-jar-box-with-insert/","mobile-390","390","844","200","390","15661","false","1","true","9","0","true","3","4","","false","artifacts/product-seo-release-checkpoint-v1/screenshots/BATCH-17/233-custom-candle-jar-box-with-insert-mobile-390.png","1080385","artifacts/product-seo-release-checkpoint-v1/screenshots/BATCH-17/233-custom-candle-jar-box-with-insert-mobile-390-viewport.png","107325","PASS","",""
"BATCH-17","1215","CUSTOM CANDLE PAPER TUBE BOX","http://localhost/hopgiayvpn/product/custom-candle-paper-tube-box/","desktop-1440","1440","1000","200","1440","10618","false","1","true","16","0","true","3","6","","false","artifacts/product-seo-release-checkpoint-v1/screenshots/BATCH-17/1215-custom-candle-paper-tube-box-desktop-1440.png","1619861","artifacts/product-seo-release-checkpoint-v1/screenshots/BATCH-17/1215-custom-candle-paper-tube-box-desktop-1440-viewport.png","345461","PASS","",""
"BATCH-17","1215","CUSTOM CANDLE PAPER TUBE BOX","http://localhost/hopgiayvpn/product/custom-candle-paper-tube-box/","mobile-390","390","844","200","390","16257","false","1","true","16","0","true","3","6","","false","artifacts/product-seo-release-checkpoint-v1/screenshots/BATCH-17/1215-custom-candle-paper-tube-box-mobile-390.png","1153965","artifacts/product-seo-release-checkpoint-v1/screenshots/BATCH-17/1215-custom-candle-paper-tube-box-mobile-390-viewport.png","113703","PASS","",""
