product_id,url,primary_keyword,seo_title,seo_title_length,meta_description,meta_description_length,focus_keyword_exact,seo_title_exact,meta_description_exact,seo_title_unique,meta_description_unique,focus_keyword_unique,canonical_db_preserved,effective_canonical_valid,frontend_title_exact,frontend_meta_exact,qa_status
228,http://localhost/hopgiayvpn/product/custom-cylindrical-paper-tube-box/,"cylindrical paper tube box","Custom Cylindrical Paper Tube Box for Tea Brands Supplier",57,"Custom cylindrical paper tube box for tea, coffee, cosmetics, candles, gifts, dry food, and premium retail products. Features custom logo. B2B packaging.",153,YES,YES,YES,YES,YES,YES,YES,YES,YES,YES,PASS
229,http://localhost/hopgiayvpn/product/custom-flat-rigid-gift-box-with-ribbon/,"flat rigid gift box","Custom Flat Rigid Gift Box With Ribbon for Apparel Brands",57,"Custom flat rigid gift box with ribbon design for apparel, scarves, wallets, accessories, documents, corporate gifts, and premium retail packaging.",147,YES,YES,YES,YES,YES,YES,YES,YES,YES,YES,PASS
230,http://localhost/hopgiayvpn/product/custom-pastry-display-box-with-drawer/,"pastry display box with drawer","Custom Pastry Display Box With Drawer for Food Brands",53,"Custom pastry display box with drawer for premium desserts, mini cakes, pastries, bakery gifts, and retail presentation. Features custom logo.",142,YES,YES,YES,YES,YES,YES,YES,YES,YES,YES,PASS
231,http://localhost/hopgiayvpn/product/custom-wine-drawer-box-with-insert/,"wine drawer box with insert","Custom Wine Drawer Box With Insert for Wine Brands",50,"Custom wine drawer box with insert for wine bottles, premium beverage gifts, retail packaging, and corporate gifting. Features custom logo. B2B packaging.",154,YES,YES,YES,YES,YES,YES,YES,YES,YES,YES,PASS
232,http://localhost/hopgiayvpn/product/luxury-wine-bottle-packaging-boxes/,"luxury wine bottle packaging boxes","Luxury Wine Bottle Packaging Boxes Manufacturer Manufacturer",60,"Rigid wine bottle packaging boxes with fitted inserts for bottle protection and high-end presentation. Request a specification-led B2B quote.",141,YES,YES,YES,YES,YES,YES,YES,YES,YES,YES,PASS
233,http://localhost/hopgiayvpn/product/custom-candle-jar-box-with-insert/,"candle jar box with insert","Custom Candle Jar Box With Insert for Candle Brands",51,"Custom candle jar box with insert for scented candles, glass candle jars, luxury gifts, and retail packaging. Features custom logo. B2B packaging.",146,YES,YES,YES,YES,YES,YES,YES,YES,YES,YES,PASS
234,http://localhost/hopgiayvpn/product/custom-incense-packaging-box-with-window/,"incense packaging box with window","Custom Incense Packaging Box With Window for Incense Brands",59,"Custom incense packaging box with window for incense sticks, agarwood incense, fragrance products, and spiritual gift packaging. Features custom logo.",150,YES,YES,YES,YES,YES,YES,YES,YES,YES,YES,PASS
235,http://localhost/hopgiayvpn/product/custom-essential-oil-packaging-box-with-insert/,"essential oil packaging box","Custom Essential Oil Packaging Box With Insert Manufacturer",59,"Custom essential oil packaging box with insert for essential oil bottles, aromatherapy sets, fragrance oils, and wellness products. Features custom logo.",153,YES,YES,YES,YES,YES,YES,YES,YES,YES,YES,PASS
236,http://localhost/hopgiayvpn/product/custom-wallet-drawer-box/,"custom wallet drawer box","Custom Wallet Drawer Box for Wallet Brands Manufacturer",55,"Custom wallet drawer box for wallets, card holders, leather accessories, small gifts, and premium retail packaging. Features custom logo. B2B packaging.",152,YES,YES,YES,YES,YES,YES,YES,YES,YES,YES,PASS
237,http://localhost/hopgiayvpn/product/custom-rigid-gift-box-with-ribbon-closure/,"rigid gift box with ribbon","Custom Rigid Gift Box With Ribbon Closure for Retail Brands",59,"Custom rigid gift box with ribbon closure for premium gifts, cosmetics, jewelry, accessories, fashion products, and corporate packaging. B2B packaging.",151,YES,YES,YES,YES,YES,YES,YES,YES,YES,YES,PASS
238,http://localhost/hopgiayvpn/product/custom-wine-gift-box-with-accessories/,"wine gift box with accessories","Custom Wine Gift Box With Accessories for Wine Brands",53,"Custom wine gift box with accessories for wine bottles, opener sets, premium gifts, retail packaging, and branded presentation. Features custom logo.",149,YES,YES,YES,YES,YES,YES,YES,YES,YES,YES,PASS
239,http://localhost/hopgiayvpn/product/custom-pizza-packaging-box/,"custom pizza packaging box","Custom Pizza Packaging Box for Food Brands Manufacturer",55,"Custom pizza packaging box for pizza delivery, takeaway food, restaurants, bakeries, and F&B brands. Features custom logo. B2B packaging.",137,YES,YES,YES,YES,YES,YES,YES,YES,YES,YES,PASS
240,http://localhost/hopgiayvpn/product/custom-cosmetic-tube-packaging-box-with-insert/,"cosmetic tube packaging box","Custom Cosmetic Tube Packaging Box With Insert Manufacturer",59,"Custom cosmetic tube packaging box with insert for skincare tubes, beauty samples, small bottles, and retail product sets. Features custom logo.",144,YES,YES,YES,YES,YES,YES,YES,YES,YES,YES,PASS
241,http://localhost/hopgiayvpn/product/custom-perfume-box-with-insert/,"perfume box with insert","Custom Perfume Box With Insert for Perfume Brands Supplier",58,"Custom perfume box with insert for luxury perfume bottles, fragrance brands, retail gifts, and premium product packaging. Features custom logo.",143,YES,YES,YES,YES,YES,YES,YES,YES,YES,YES,PASS
242,http://localhost/hopgiayvpn/product/custom-gift-box-with-ribbon-bow/,"gift box with ribbon bow","Custom Gift Box With Ribbon Bow for Retail Brands Supplier",58,"Custom gift box with ribbon bow for premium gifts, cosmetics, jewelry, accessories, fashion products, and corporate packaging. Features custom logo.",148,YES,YES,YES,YES,YES,YES,YES,YES,YES,YES,PASS
243,http://localhost/hopgiayvpn/product/custom-nested-kraft-gift-boxes-with-ribbon/,"nested kraft gift boxes","Custom Nested Kraft Gift Boxes With Ribbon for Retail Brands",60,"Custom nested kraft gift boxes with ribbon for premium gifts, retail products, corporate packaging, and seasonal gift sets. Features custom logo.",145,YES,YES,YES,YES,YES,YES,YES,YES,YES,YES,PASS
244,http://localhost/hopgiayvpn/product/custom-tea-gift-box-with-window/,"tea gift box with window","Custom Tea Gift Box With Window for Tea Brands Manufacturer",59,"Custom tea gift box with window for tea sets, teaware gifts, premium retail packaging, and corporate gifts. Features custom logo. B2B packaging.",144,YES,YES,YES,YES,YES,YES,YES,YES,YES,YES,PASS
245,http://localhost/hopgiayvpn/product/custom-apparel-drawer-box-with-ribbon-pull/,"apparel drawer box","Custom Apparel Drawer Box With Ribbon Pull Manufacturer",55,"Custom apparel drawer box with ribbon pull for scarves, fashion accessories, textile products, gift sets, and retail packaging. Features custom logo.",149,YES,YES,YES,YES,YES,YES,YES,YES,YES,YES,PASS
246,http://localhost/hopgiayvpn/product/custom-gift-box-with-shredded-paper-filler/,"gift box with shredded paper","Custom Gift Box With Shredded Paper Filler for Retail Brands",60,"Custom gift box with shredded paper filler for small gifts, accessories, handmade products, ornaments, and retail packaging. Features custom logo.",146,YES,YES,YES,YES,YES,YES,YES,YES,YES,YES,PASS
247,http://localhost/hopgiayvpn/product/custom-kraft-bakery-box-with-window/,"kraft bakery box with window","Custom Kraft Bakery Box With Window Manufacturer Supplier",57,"Custom kraft bakery box with window for croissants, pastries, bread, desserts, and bakery takeaway packaging. Request a specification-led B2B quote.",148,YES,YES,YES,YES,YES,YES,YES,YES,YES,YES,PASS
248,http://localhost/hopgiayvpn/product/custom-pastry-sleeve-box-with-insert/,"pastry sleeve box","Custom Pastry Sleeve Box With Insert for Food Brands",52,"Custom pastry sleeve box with insert for mini cakes, pastries, desserts, mooncakes, and bakery gift packaging. Features custom logo. B2B packaging.",147,YES,YES,YES,YES,YES,YES,YES,YES,YES,YES,PASS
249,http://localhost/hopgiayvpn/product/custom-mooncake-gift-box-set-with-paper-bag/,"mooncake gift box set","Custom Mooncake Gift Box Set With Paper Bag for Food Brands",59,"Custom mooncake gift box set with matching paper bag for bakery brands, hotels, corporate gifts, and seasonal food packaging. Features custom logo.",147,YES,YES,YES,YES,YES,YES,YES,YES,YES,YES,PASS
250,http://localhost/hopgiayvpn/product/custom-mooncake-handbag-gift-box-with-insert/,"mooncake handbag gift box","Custom Mooncake Handbag Gift Box With Insert for Food Brands",60,"Custom mooncake handbag gift box with insert for premium mooncakes, bakery gifts, hotel collections, and corporate food packaging. Features custom logo.",152,YES,YES,YES,YES,YES,YES,YES,YES,YES,YES,PASS
252,http://localhost/hopgiayvpn/product/custom-mooncake-cabinet-gift-box-with-drawers/,"mooncake cabinet gift box","Custom Mooncake Cabinet Gift Box With Drawers Manufacturer",58,"Custom mooncake cabinet gift box with double-door opening, drawer compartments, decorative artwork, and premium structure for luxury mooncake sets, corporate.",158,YES,YES,YES,YES,YES,YES,YES,YES,YES,YES,PASS
254,http://localhost/hopgiayvpn/product/custom-rigid-gift-box-with-matching-paper-bag/,"rigid gift box with paper bag","Custom Rigid Gift Box With Matching Paper Bag Manufacturer",58,"Custom rigid gift box with matching paper bag for premium gifts, cosmetics, jewelry, retail products, and corporate packaging. Features custom logo.",148,YES,YES,YES,YES,YES,YES,YES,YES,YES,YES,PASS
255,http://localhost/hopgiayvpn/product/custom-round-jar-drawer-box/,"round jar drawer box","Custom Round Jar Drawer Box for Candle Brands Manufacturer",58,"Custom round jar drawer box for candle jars, cosmetic jars, balm jars, skincare products, and premium retail gifts. Features custom logo. B2B packaging.",152,YES,YES,YES,YES,YES,YES,YES,YES,YES,YES,PASS
256,http://localhost/hopgiayvpn/product/custom-luxury-watch-box-with-drawer/,"luxury watch box with drawer","Custom Luxury Watch Box With Drawer for Watch Brands",52,"Custom luxury watch box with drawer for premium wristwatches, jewelry gifts, and branded retail packaging. Features custom logo. B2B packaging.",143,YES,YES,YES,YES,YES,YES,YES,YES,YES,YES,PASS
257,http://localhost/hopgiayvpn/product/custom-watch-box-with-pillow-insert/,"watch box with pillow","Custom Watch Box With Pillow Insert for Watch Brands",52,"Custom watch box with pillow insert for wristwatches, luxury gifts, retail display, and branded packaging. Features custom logo. B2B packaging.",143,YES,YES,YES,YES,YES,YES,YES,YES,YES,YES,PASS
295,http://localhost/hopgiayvpn/product/custom-pastry-box-with-clear-window/,"pastry box with window","Custom Pastry Box With Clear Window for Food Brands",51,"Custom dessert gift box with inserts for branded presentation, protective packing, and premium retail-ready unboxing. Features custom logo. B2B packaging.",154,YES,YES,YES,YES,YES,YES,YES,YES,YES,YES,PASS
323,http://localhost/hopgiayvpn/product/custom-tumbler-packaging-box-with-insert/,"tumbler packaging box","Custom Tumbler Packaging Box With Insert Manufacturer",53,"Custom tumbler packaging box with insert for drinkware, glass cups, mugs, bottles, and premium retail gifts. Features custom logo. B2B packaging.",145,YES,YES,YES,YES,YES,YES,YES,YES,YES,YES,PASS
325,http://localhost/hopgiayvpn/product/custom-skincare-jar-packaging-box-with-insert/,"skincare jar packaging box","Custom Skincare Jar Packaging Box With Insert Manufacturer",58,"Custom skincare jar packaging box with insert for cream jars, cosmetic sets, beauty products, and retail packaging. Features custom logo. B2B packaging.",152,YES,YES,YES,YES,YES,YES,YES,YES,YES,YES,PASS
328,http://localhost/hopgiayvpn/product/custom-bottle-carrier-box-with-handle/,"bottle carrier box","Custom Bottle Carrier Box With Handle for Beverage Brands",57,"Custom bottle carrier box with handle for beer, beverages, glass bottles, sauce bottles, and gift packaging. Features custom logo. B2B packaging.",145,YES,YES,YES,YES,YES,YES,YES,YES,YES,YES,PASS
334,http://localhost/hopgiayvpn/product/custom-perfume-gift-set-box-with-insert/,"perfume gift set box","Custom Perfume Gift Set Box With Insert for Perfume Brands",58,"Custom perfume gift set box with insert for fragrance brands, mini perfume bottles, sample sets, and luxury retail gifts. Features custom logo.",143,YES,YES,YES,YES,YES,YES,YES,YES,YES,YES,PASS
340,http://localhost/hopgiayvpn/product/custom-cosmetic-drawer-box-with-insert/,"cosmetic drawer box","Custom Cosmetic Drawer Box With Insert for Cosmetics Brands",59,"Custom cosmetic drawer box with insert for skincare sets, serum bottles, beauty products, and premium retail packaging. Features custom logo.",141,YES,YES,YES,YES,YES,YES,YES,YES,YES,YES,PASS
346,http://localhost/hopgiayvpn/product/custom-rigid-square-gift-box-with-foil-logo/,"rigid square gift box","Custom Rigid Square Gift Box With Foil Logo Manufacturer",56,"Custom rigid square gift box with foil logo for premium gifts, cosmetics, retail products, accessories, and branded packaging. Features custom logo.",148,YES,YES,YES,YES,YES,YES,YES,YES,YES,YES,PASS
351,http://localhost/hopgiayvpn/product/custom-luxury-mooncake-gift-box-with-insert/,"luxury mooncake gift box","Custom Luxury Mooncake Gift Box With Insert for Food Brands",59,"Custom luxury mooncake gift box with rigid structure, hinged lid, decorative artwork, and compartment insert for premium mooncakes, bakery gifts, corporate.",156,YES,YES,YES,YES,YES,YES,YES,YES,YES,YES,PASS
357,http://localhost/hopgiayvpn/product/custom-kraft-pastry-drawer-box-with-insert/,"pastry drawer box","Custom Kraft Pastry Drawer Box With Insert for Food Brands",58,"Custom kraft pastry drawer box with insert for bakeries, pastry brands, mooncakes, desserts, and premium food gifts. Features kraft paper look.",143,YES,YES,YES,YES,YES,YES,YES,YES,YES,YES,PASS
367,http://localhost/hopgiayvpn/product/custom-mooncake-packaging-box/,"mooncake packaging box","Custom Mooncake Packaging Box for Food Brands Manufacturer",58,"Custom mooncake packaging box for bakery brands, pastry gifts, seasonal food packaging, and premium confectionery products. Features custom logo.",145,YES,YES,YES,YES,YES,YES,YES,YES,YES,YES,PASS
373,http://localhost/hopgiayvpn/product/custom-luxury-paper-gift-bag-with-ribbon-handles/,"luxury paper gift bag","Custom Luxury Paper Gift Bag With Ribbon Handles Supplier",57,"Custom luxury paper gift bag with ribbon handles for premium gifts, retail stores, fashion brands, cosmetics, events, and branded packaging.",140,YES,YES,YES,YES,YES,YES,YES,YES,YES,YES,PASS
379,http://localhost/hopgiayvpn/product/custom-paper-shopping-bag-with-handles/,"custom paper shopping bag","Custom Paper Shopping Bag With Handles for Retail Brands",56,"Custom paper shopping bag with handles for retail stores, gift packaging, fashion brands, cosmetics, accessories, and promotional events. B2B packaging.",152,YES,YES,YES,YES,YES,YES,YES,YES,YES,YES,PASS
386,http://localhost/hopgiayvpn/product/custom-printed-corrugated-ecommerce-box/,"printed corrugated ecommerce box","Custom PRinted Corrugated Ecommerce Box for Ecommerce Brands",60,"Custom printed corrugated ecommerce box with tuck top structure, inside printing, logo printing, and durable paperboard for bakery products, gifts, apparel.",156,YES,YES,YES,YES,YES,YES,YES,YES,YES,YES,PASS
391,http://localhost/hopgiayvpn/product/custom-corrugated-mailer-box/,"custom corrugated mailer box","Custom Corrugated Mailer Box for Ecommerce Brands Supplier",58,"Custom corrugated mailer box for ecommerce shipping, apparel, shoes, gifts, subscription boxes, and retail packaging. Features custom logo. B2B packaging.",154,YES,YES,YES,YES,YES,YES,YES,YES,YES,YES,PASS
397,http://localhost/hopgiayvpn/product/custom-magnetic-gift-box-with-insert-tray/,"magnetic gift box with insert","Custom Magnetic Gift Box With Insert Tray Manufacturer",54,"Custom magnetic gift box with insert tray for premium gifts, cosmetics, retail products, accessories, and branded packaging. Features custom logo.",146,YES,YES,YES,YES,YES,YES,YES,YES,YES,YES,PASS
401,http://localhost/hopgiayvpn/product/custom-magnetic-closure-gift-box/,"magnetic closure gift box","Custom Magnetic Closure Gift Box for Cosmetics Brands",53,"Custom magnetic closure gift box with rigid paperboard structure, flip-top lid, logo printing, and premium finishing options for luxury gifts, cosmetics.",153,YES,YES,YES,YES,YES,YES,YES,YES,YES,YES,PASS
405,http://localhost/hopgiayvpn/product/custom-perfume-display-box-with-sleeve/,"perfume display box","Custom Perfume Display Box With Sleeve for Perfume Brands",57,"Custom perfume display box with sleeve for fragrance brands, cosmetic packaging, retail display, and luxury presentation. Features custom logo.",143,YES,YES,YES,YES,YES,YES,YES,YES,YES,YES,PASS
416,http://localhost/hopgiayvpn/product/custom-pastry-gift-box-with-insert/,"pastry gift box with insert","Custom Pastry Gift Box With Insert for Food Brands",50,"Custom pastry gift box with insert for bakeries, dessert brands, confectionery products, and premium food gifts. Features custom logo. B2B packaging.",149,YES,YES,YES,YES,YES,YES,YES,YES,YES,YES,PASS
422,http://localhost/hopgiayvpn/product/custom-magnetic-gift-box/,"magnetic gift box","Custom Magnetic Gift Box for Retail Brands Manufacturer",55,"CUSTOM MAGNETIC GIFT BOX is a rigid paper packaging solution for premium gifts, retail products, promotional kits, and branded merchandise. B2B packaging.",154,YES,YES,YES,YES,YES,YES,YES,YES,YES,YES,PASS
426,http://localhost/hopgiayvpn/product/custom-medical-kit-packaging-box/,"medical kit packaging box","Custom Medical Kit Packaging Box for Healthcare Brands",54,"CUSTOM MEDICAL KIT PACKAGING BOX is designed for diagnostic kits, healthcare sample sets, first-aid components, clinical products, and medical supply programs.",159,YES,YES,YES,YES,YES,YES,YES,YES,YES,YES,PASS
431,http://localhost/hopgiayvpn/product/custom-watch-box-with-drawer/,"watch box with drawer","Custom Watch Box With Drawer for Watch Brands Manufacturer",58,"Custom watch box with drawer for watch brands, jewelry retailers, gift packaging, and ecommerce orders. Features custom logo. B2B packaging.",140,YES,YES,YES,YES,YES,YES,YES,YES,YES,YES,PASS
603,http://localhost/hopgiayvpn/product/custom-luxury-wine-bottle-packaging-box/,"luxury wine bottle gift box","Custom Luxury Wine Bottle Gift Box With Logo for Wine Brands",60,"Custom luxury wine bottle packaging box designed for premium wine, gift sets, and brand presentation. Features custom logo. B2B packaging.",138,YES,YES,YES,YES,YES,YES,YES,YES,YES,YES,PASS
725,http://localhost/hopgiayvpn/product/custom-luxury-gift-box-with-paper-bag/,"luxury gift box with paper bag","Custom Luxury Gift Box With Paper Bag for Retail Brands",55,"CUSTOM LUXURY GIFT BOX WITH PAPER BAG is a coordinated paper packaging solution for retail gifts, VIP client sets, holiday campaigns, and premium product.",154,YES,YES,YES,YES,YES,YES,YES,YES,YES,YES,PASS
738,http://localhost/hopgiayvpn/product/custom-mug-packaging-box-with-window/,"mug packaging box with window","Custom Mug Packaging Box With Window for Drinkware Brands",57,"CUSTOM MUG PACKAGING BOX WITH WINDOW is a retail paperboard packaging solution for ceramic mugs, cups, drinkware gifts, and branded beverage merchandise.",153,YES,YES,YES,YES,YES,YES,YES,YES,YES,YES,PASS
739,http://localhost/hopgiayvpn/product/custom-paper-tube-food-packaging-box/,"paper tube food packaging box","Custom Paper Tube Food Packaging Box for Food Brands",52,"CUSTOM PAPER TUBE FOOD PACKAGING BOX is a round paper packaging solution for tea, coffee, snacks, candy, cookies, powders, and dry food products.",145,YES,YES,YES,YES,YES,YES,YES,YES,YES,YES,PASS
744,http://localhost/hopgiayvpn/product/custom-phone-packaging-box/,"phone packaging box","Custom Phone Packaging Box for Electronics Brands Supplier",58,"CUSTOM PHONE PACKAGING BOX is a paper packaging solution for smartphones, refurbished phones, demo devices, and mobile electronics kits. B2B packaging.",151,YES,YES,YES,YES,YES,YES,YES,YES,YES,YES,PASS
752,http://localhost/hopgiayvpn/product/custom-pill-packaging-box/,"pill packaging box","Custom Pill Packaging Box for Pharmaceutical Brands",51,"CUSTOM PILL PACKAGING BOX is designed for pills, tablets, capsules, blister packs, medicine samples, and healthcare products that need clear information.",153,YES,YES,YES,YES,YES,YES,YES,YES,YES,YES,PASS
757,http://localhost/hopgiayvpn/product/custom-printed-corrugated-pet-food-box/,"printed corrugated pet food box","Custom PRinted Corrugated Pet Food Box for Pet Food Brands",58,"CUSTOM PRINTED CORRUGATED PET FOOD BOX is a durable paper packaging solution for pet food, treats, pouches, subscription kits, and pet product bundles.",151,YES,YES,YES,YES,YES,YES,YES,YES,YES,YES,PASS
762,http://localhost/hopgiayvpn/product/custom-rigid-gift-box/,"rigid gift box","Custom Rigid Gift Box for Retail Brands Manufacturer",52,"CUSTOM RIGID GIFT BOX is a premium paperboard packaging solution for gifts, retail products, luxury sets, and branded presentation boxes. B2B packaging.",152,YES,YES,YES,YES,YES,YES,YES,YES,YES,YES,PASS
767,http://localhost/hopgiayvpn/product/custom-single-wine-bottle-gift-box/,"single wine bottle gift box","Custom Single Wine Bottle Gift Box for Wine Brands",50,"CUSTOM SINGLE WINE BOTTLE GIFT BOX is designed for one wine bottle, spirits bottle, champagne bottle, or premium beverage gift. Features single bottle support.",159,YES,YES,YES,YES,YES,YES,YES,YES,YES,YES,PASS
769,http://localhost/hopgiayvpn/product/custom-ampoule-packaging-box/,"ampoule packaging box","Custom Ampoule Packaging Box for Skincare Brands Supplier",57,"CUSTOM AMPOULE PACKAGING BOX is designed for skincare ampoules, serum vials, treatment shots, and small glass beauty containers that need precise protection.",157,YES,YES,YES,YES,YES,YES,YES,YES,YES,YES,PASS
770,http://localhost/hopgiayvpn/product/custom-charging-cable-packaging-box/,"charging cable packaging box","Custom Charging Cable Packaging Box for Electronics Brands",58,"CUSTOM CHARGING CABLE PACKAGING BOX is built for USB, Type-C, Lightning, braided, and fast-charging cable products that need clear retail communication and.",156,YES,YES,YES,YES,YES,YES,YES,YES,YES,YES,PASS
771,http://localhost/hopgiayvpn/product/custom-colored-pencil-packaging-box/,"colored pencil packaging box","Custom Colored Pencil Packaging Box for Stationery Brands",57,"CUSTOM COLORED PENCIL PACKAGING BOX is designed for organized art supply sets where color order, pencil protection, and creative presentation matter.",149,YES,YES,YES,YES,YES,YES,YES,YES,YES,YES,PASS
773,http://localhost/hopgiayvpn/product/custom-cosmetic-packaging-box/,"cosmetic packaging box","Custom Cosmetic Packaging Box for Cosmetic Brands Supplier",58,"CUSTOM COSMETIC PACKAGING BOX is a flexible retail package for creams, serums, makeup, toner bottles, masks, tubes, and beauty kits. Features custom logo.",154,YES,YES,YES,YES,YES,YES,YES,YES,YES,YES,PASS
774,http://localhost/hopgiayvpn/product/custom-cosmetic-paper-bag/,"cosmetic paper bag","Custom Cosmetic Paper Bag for Cosmetic Brands Manufacturer",58,"CUSTOM COSMETIC PAPER BAG is a branded carry-out and gift packaging solution for skincare boutiques, makeup counters, perfume shops, salons, and beauty.",152,YES,YES,YES,YES,YES,YES,YES,YES,YES,YES,PASS
775,http://localhost/hopgiayvpn/product/custom-crayon-packaging-box/,"crayon packaging box","Custom Crayon Packaging Box for Stationery Brands Supplier",58,"CUSTOM CRAYON PACKAGING BOX is designed for children coloring products, school art packs, classroom supplies, and mass retail crayon sets. B2B packaging.",153,YES,YES,YES,YES,YES,YES,YES,YES,YES,YES,PASS
776,http://localhost/hopgiayvpn/product/custom-dinnerware-packaging-box/,"dinnerware packaging box","Custom Dinnerware Packaging Box for Dinnerware Brands",53,"CUSTOM DINNERWARE PACKAGING BOX is made for ceramic plates, bowls, mugs, tea sets, porcelain items, and homeware gift sets that need impact protection and.",155,YES,YES,YES,YES,YES,YES,YES,YES,YES,YES,PASS
777,http://localhost/hopgiayvpn/product/custom-phone-case-packaging-box/,"phone case packaging box","Custom Phone Case Packaging Box for Electronics Brands",54,"CUSTOM PHONE CASE PACKAGING BOX is created for silicone, TPU, leather, clear, MagSafe-compatible, and protective mobile phone cases. Features custom logo.",154,YES,YES,YES,YES,YES,YES,YES,YES,YES,YES,PASS
778,http://localhost/hopgiayvpn/product/custom-supplement-drawer-packaging-box/,"supplement drawer packaging box","Custom Supplement Drawer Packaging Box for Supplement Brands",60,"CUSTOM SUPPLEMENT DRAWER PACKAGING BOX is designed for vitamin bottles, wellness kits, capsule programs, sachet sets, probiotics, collagen products, and.",153,YES,YES,YES,YES,YES,YES,YES,YES,YES,YES,PASS
779,http://localhost/hopgiayvpn/product/custom-double-wine-bottle-gift-box/,"double wine bottle gift box","Custom Double Wine Bottle Gift Box for Wine Brands",50,"CUSTOM DOUBLE WINE BOTTLE GIFT BOX is designed for two-bottle wine, champagne, spirits, and premium beverage gift sets that need both luxury presentation and.",158,YES,YES,YES,YES,YES,YES,YES,YES,YES,YES,PASS
780,http://localhost/hopgiayvpn/product/custom-drawer-gift-box/,"drawer gift box","Custom Drawer Gift Box for Retail Brands Manufacturer",53,"CUSTOM DRAWER GIFT BOX is a slide-out rigid packaging solution for premium retail products, gift sets, accessories, cosmetics, stationery, and promotional.",155,YES,YES,YES,YES,YES,YES,YES,YES,YES,YES,PASS
781,http://localhost/hopgiayvpn/product/custom-fountain-pen-gift-box/,"fountain pen gift box","Custom Fountain Pen Gift Box for Stationery Brands",50,"CUSTOM FOUNTAIN PEN GIFT BOX is designed for luxury writing instruments, pen sets, refill kits, stationery gifts, and executive promotional products.",149,YES,YES,YES,YES,YES,YES,YES,YES,YES,YES,PASS
782,http://localhost/hopgiayvpn/product/custom-knife-set-packaging-box/,"knife set packaging box","Custom Knife Set Packaging Box for Kitchenware Brands",53,"CUSTOM KNIFE SET PACKAGING BOX is made for kitchen knives, cutlery gift sets, chef knife kits, utility knives, and premium homeware retail products.",148,YES,YES,YES,YES,YES,YES,YES,YES,YES,YES,PASS
783,http://localhost/hopgiayvpn/product/custom-kraft-paper-bag-for-supplement-packaging/,"kraft paper bag for supplement packaging","Custom Kraft Paper Bag For Supplement Packaging Manufacturer",60,"CUSTOM KRAFT PAPER BAG FOR SUPPLEMENT PACKAGING is designed for vitamins, wellness products, herbal supplements, nutrition kits, health stores, and.",148,YES,YES,YES,YES,YES,YES,YES,YES,YES,YES,PASS
793,http://localhost/hopgiayvpn/product/custom-phone-packaging-box-with-paper-bag/,"phone packaging box with paper bag","Custom Phone Packaging Box With Paper Bag Manufacturer",54,"CUSTOM PHONE PACKAGING BOX WITH PAPER BAG is a custom paper packaging solution for smartphones, refurbished phones, demo devices, warranty kits, phone.",151,YES,YES,YES,YES,YES,YES,YES,YES,YES,YES,PASS
794,http://localhost/hopgiayvpn/product/custom-red-paper-shopping-bag/,"red paper shopping bag","Custom Red Paper Shopping Bag for Fashion Brands Supplier",57,"CUSTOM RED PAPER SHOPPING BAG is a custom paper packaging solution for fashion apparel, shoes, accessories, cosmetics, sportswear, boutique gifts, event.",153,YES,YES,YES,YES,YES,YES,YES,YES,YES,YES,PASS
802,http://localhost/hopgiayvpn/product/custom-skincare-gift-box-with-insert/,"skincare gift box with insert","Custom Skincare Gift Box With Insert for Beauty Brands",54,"CUSTOM SKINCARE GIFT BOX WITH INSERT is a custom paper packaging solution for serum sets, toner and cream kits, facial care routines, spa gift sets, holiday.",157,YES,YES,YES,YES,YES,YES,YES,YES,YES,YES,PASS
807,http://localhost/hopgiayvpn/product/custom-stationery-packaging-box/,"stationery packaging box","Custom Stationery Packaging Box for Stationery Brands",53,"CUSTOM STATIONERY PACKAGING BOX is a custom paper packaging solution for pencils, pens, rulers, erasers, art tools, school kits, notebooks, office accessories.",159,YES,YES,YES,YES,YES,YES,YES,YES,YES,YES,PASS
815,http://localhost/hopgiayvpn/product/custom-tablet-packaging-box/,"tablet packaging box","Custom Tablet Packaging Box for Pharmaceutical Brands",53,"CUSTOM TABLET PACKAGING BOX is a custom paper packaging solution for tablets, capsules, blister cards, pill bottles, herbal tablets, clinical samples.",150,YES,YES,YES,YES,YES,YES,YES,YES,YES,YES,PASS
821,http://localhost/hopgiayvpn/product/custom-thermos-bottle-packaging-box/,"thermos bottle packaging box","Custom Thermos Bottle Packaging Box for Drinkware Brands",56,"CUSTOM THERMOS BOTTLE PACKAGING BOX is a custom paper packaging solution for thermos bottles, insulated tumblers, sports bottles, travel mugs, flask gift sets.",159,YES,YES,YES,YES,YES,YES,YES,YES,YES,YES,PASS
829,http://localhost/hopgiayvpn/product/custom-vial-packaging-box/,"custom vial boxes","Custom Vial Boxes For Glass Vials, Ampoules And Lab Samples",59,"Custom vial boxes are designed to protect and present small glass vials, ampoules, lab samples, cosmetic vials, medicine samples, essential oil vials and.",154,YES,YES,YES,YES,YES,YES,YES,YES,YES,YES,PASS
835,http://localhost/hopgiayvpn/product/custom-wine-bottle-gift-box-with-paper-bag/,"wine bottle gift box with paper bag","Custom Wine Bottle Gift Box With Paper Bag for Wine Brands",58,"CUSTOM WINE BOTTLE GIFT BOX WITH PAPER BAG is a custom paper packaging solution for wine bottles, champagne, spirits, premium beverages, hotel gifts, holiday.",158,YES,YES,YES,YES,YES,YES,YES,YES,YES,YES,PASS
840,http://localhost/hopgiayvpn/product/custom-wine-bottle-packaging-box/,"wine bottle packaging box","Custom Wine Bottle Packaging Box for Wine Brands Supplier",57,"CUSTOM WINE BOTTLE PACKAGING BOX is a custom paper packaging solution for wine bottles, champagne, spirits, olive oil bottles, premium beverage bottles.",152,YES,YES,YES,YES,YES,YES,YES,YES,YES,YES,PASS
860,http://localhost/hopgiayvpn/product/custom-shoe-packaging-box/,"shoe packaging box","Custom Shoe Packaging Box for Footwear Brands Manufacturer",58,"CUSTOM SHOE PACKAGING BOX is a custom paper packaging solution for sneakers, leather shoes, sandals, sports shoes, kids shoes, boutique footwear, sample shoes.",159,YES,YES,YES,YES,YES,YES,YES,YES,YES,YES,PASS
865,http://localhost/hopgiayvpn/product/custom-belt-packaging-box/,"belt packaging box","Custom Belt Packaging Box for Fashion Accessories Brands",56,"CUSTOM BELT PACKAGING BOX is a custom paper packaging solution for leather belts, woven belts, formal menswear accessories, promotional belt gifts, boutique.",157,YES,YES,YES,YES,YES,YES,YES,YES,YES,YES,PASS
869,http://localhost/hopgiayvpn/product/custom-men-underwear-packaging-box/,"men underwear packaging box","Custom Men Underwear Packaging Box for Underwear Brands",55,"CUSTOM MEN UNDERWEAR PACKAGING BOX is a custom paper packaging solution for men underwear, boxer briefs, socks, undershirts, activewear basics, multi-pack.",155,YES,YES,YES,YES,YES,YES,YES,YES,YES,YES,PASS
872,http://localhost/hopgiayvpn/product/custom-sportswear-packaging-box/,"sportswear packaging box","Custom Sportswear Packaging Box for Sportswear Brands",53,"CUSTOM SPORTSWEAR PACKAGING BOX is a custom paper packaging solution for sportswear, gym shirts, leggings, team apparel, yoga wear, running accessories.",152,YES,YES,YES,YES,YES,YES,YES,YES,YES,YES,PASS
876,http://localhost/hopgiayvpn/product/custom-t-shirt-packaging-box/,"t shirt packaging box","Custom T-Shirt Packaging Box for T-Shirt Brands Manufacturer",60,"CUSTOM T-SHIRT PACKAGING BOX is a custom paper packaging solution for T-shirts, polo shirts, folded shirts, event apparel, fashion subscription boxes.",150,YES,YES,YES,YES,YES,YES,YES,YES,YES,YES,PASS
881,http://localhost/hopgiayvpn/product/custom-wallet-packaging-box/,"wallet packaging box","Custom Wallet Packaging Box for Wallet Brands Manufacturer",58,"CUSTOM WALLET PACKAGING BOX is a custom paper packaging solution for wallets, card holders, leather accessories, passport holders, small gift items, menswear.",158,YES,YES,YES,YES,YES,YES,YES,YES,YES,YES,PASS
939,http://localhost/hopgiayvpn/product/custom-sports-shoe-packaging-box/,"sports shoe packaging box","Custom Sports Shoe Packaging Box for Sports Footwear Brands",59,"CUSTOM SPORTS SHOE PACKAGING BOX is a custom paper packaging solution for running shoes, training shoes, court shoes, sneakers, team footwear, limited.",151,YES,YES,YES,YES,YES,YES,YES,YES,YES,YES,PASS
944,http://localhost/hopgiayvpn/product/premium-pickleball-set-rigid-paper-box/,"pickleball set packaging box","PRemium Pickleball Set Rigid Paper Box for Pickleball Brands",60,"PREMIUM PICKLEBALL SET RIGID PAPER BOX is a custom paper packaging solution for pickleball paddle pairs, balls, grips, protective covers, accessory kits.",153,YES,YES,YES,YES,YES,YES,YES,YES,YES,YES,PASS
949,http://localhost/hopgiayvpn/product/custom-knee-support-packaging-box/,"knee support packaging box","Custom Knee Support Packaging Box for Sports Supports Brands",60,"CUSTOM KNEE SUPPORT PACKAGING BOX is a custom paper packaging solution for compression knee sleeves, hinged knee braces, patella supports, recovery supports.",157,YES,YES,YES,YES,YES,YES,YES,YES,YES,YES,PASS
956,http://localhost/hopgiayvpn/product/custom-sports-underwear-packaging-box/,"sports underwear packaging box","Custom Sports Underwear Packaging Box Manufacturer",50,"CUSTOM SPORTS UNDERWEAR PACKAGING BOX is a custom paper packaging solution for performance boxer briefs, compression shorts, sports bras, base layers.",150,YES,YES,YES,YES,YES,YES,YES,YES,YES,YES,PASS
981,http://localhost/hopgiayvpn/product/custom-paper-egg-packaging-boxes/,"custom paper egg packaging boxes","Custom Paper Egg Packaging Boxes for Fresh Eggs Brands",54,"CUSTOM PAPER EGG PACKAGING BOXES are protective fiber-based packs for farms, egg distributors, organic food brands, grocery chains, specialty retailers, and.",157,YES,YES,YES,YES,YES,YES,YES,YES,YES,YES,PASS
1023,http://localhost/hopgiayvpn/product/custom-blue-bird-nest-drawer-gift-box/,"blue bird nest drawer gift box","Custom Blue Bird Nest Drawer Gift Box for Bird Nest Brands",58,"CUSTOM BLUE BIRD NEST DRAWER GIFT BOX is a custom premium paper packaging solution for bird nest jars, bottled bird nest drinks, health food gift sets, and.",156,YES,YES,YES,YES,YES,YES,YES,YES,YES,YES,PASS
1024,http://localhost/hopgiayvpn/product/custom-green-bird-nest-gift-box-with-handle/,"green bird nest gift box with handle","Custom Green Bird Nest Gift Box With Handle Manufacturer",56,"CUSTOM GREEN BIRD NEST GIFT BOX WITH HANDLE is a custom premium paper packaging solution for bird nest jars, bottled bird nest drinks, health food gift sets.",157,YES,YES,YES,YES,YES,YES,YES,YES,YES,YES,PASS
1025,http://localhost/hopgiayvpn/product/custom-green-bird-nest-cabinet-gift-box/,"green bird nest cabinet gift box","Custom Green Bird Nest Cabinet Gift Box for Bird Nest Brands",60,"CUSTOM GREEN BIRD NEST CABINET GIFT BOX is a custom premium paper packaging solution for bird nest jars, bottled bird nest drinks, health food gift sets, and.",158,YES,YES,YES,YES,YES,YES,YES,YES,YES,YES,PASS
1026,http://localhost/hopgiayvpn/product/custom-green-bird-nest-compartment-gift-box/,"green bird nest compartment gift box","Custom Green Bird Nest Compartment Gift Box Manufacturer",56,"CUSTOM GREEN BIRD NEST COMPARTMENT GIFT BOX is a custom premium paper packaging solution for bird nest jars, bottled bird nest drinks, health food gift sets.",157,YES,YES,YES,YES,YES,YES,YES,YES,YES,YES,PASS
1027,http://localhost/hopgiayvpn/product/kraft-corrugated-mailer-box/,"kraft corrugated mailer box","Kraft Corrugated Mailer Box for E-Commerce Brands Supplier",58,"KRAFT CORRUGATED MAILER BOX is a custom shipping packaging solution for e-commerce, subscription kits, apparel, gifts, and small product delivery.",146,YES,YES,YES,YES,YES,YES,YES,YES,YES,YES,PASS
1168,http://localhost/hopgiayvpn/product/custom-candle-shipping-mailer-box-with-corrugated-insert/,"candle shipping mailer box","Custom Candle Shipping Mailer Box With Corrugated Insert",56,"CUSTOM CANDLE SHIPPING MAILER BOX WITH CORRUGATED INSERT is a protective e-commerce package for glass jar candles, soy candles, fragrance products.",147,YES,YES,YES,YES,YES,YES,YES,YES,YES,YES,PASS
1169,http://localhost/hopgiayvpn/product/custom-two-piece-candle-gift-box-with-lid-and-base/,"two piece candle gift box","Custom Two-Piece Candle Gift Box With Lid And Base",50,"CUSTOM TWO-PIECE CANDLE GIFT BOX WITH LID AND BASE is a premium paper packaging option for scented candles, jar candles, ceramic candle vessels, holiday.",153,YES,YES,YES,YES,YES,YES,YES,YES,YES,YES,PASS
1170,http://localhost/hopgiayvpn/product/custom-window-candle-box-for-tumbler-candles/,"window candle box","Custom Window Candle Box For Tumbler Candles Manufacturer",57,"CUSTOM WINDOW CANDLE BOX FOR TUMBLER CANDLES is a retail paperboard package for glass tumbler candles, ceramic candle cups, colored wax candles and lifestyle.",158,YES,YES,YES,YES,YES,YES,YES,YES,YES,YES,PASS
1215,http://localhost/hopgiayvpn/product/custom-candle-paper-tube-box/,"candle paper tube box","Custom Candle Paper Tube Box for Candle Brands Manufacturer",59,"CUSTOM CANDLE PAPER TUBE BOX for glass jar candles, travel candles, aromatherapy candles, seasonal gift candles, and premium fragrance sets.",140,YES,YES,YES,YES,YES,YES,YES,YES,YES,YES,PASS
1220,http://localhost/hopgiayvpn/product/custom-coffee-paper-tube-packaging/,"coffee paper tube packaging","Custom Coffee Paper Tube Packaging for Coffee Brands",52,"CUSTOM COFFEE PAPER TUBE PACKAGING for ground coffee, coffee beans, sample tubes, premium coffee gifts, seasonal blends, and beverage subscription packs.",153,YES,YES,YES,YES,YES,YES,YES,YES,YES,YES,PASS
1225,http://localhost/hopgiayvpn/product/custom-tea-paper-tube-packaging/,"tea paper tube packaging","Custom Tea Paper Tube Packaging for Tea Brands Manufacturer",59,"CUSTOM TEA PAPER TUBE PACKAGING for loose leaf tea, tea sachets, herbal blends, premium tea gifts, seasonal tea collections, and wellness beverage sets.",152,YES,YES,YES,YES,YES,YES,YES,YES,YES,YES,PASS
1230,http://localhost/hopgiayvpn/product/custom-fitness-accessory-gift-box/,"fitness accessory gift box","Custom Fitness Accessory Gift Box Manufacturer Manufacturer",59,"CUSTOM FITNESS ACCESSORY GIFT BOX for resistance bands, grips, towels, jump ropes, training accessories, recovery tools, and branded fitness gift kits.",151,YES,YES,YES,YES,YES,YES,YES,YES,YES,YES,PASS
1235,http://localhost/hopgiayvpn/product/custom-golf-ball-packaging-box/,"golf ball packaging box","Custom Golf Ball Packaging Box for Golf Brands Manufacturer",59,"CUSTOM GOLF BALL PACKAGING BOX for golf ball sleeves, three-ball packs, dozen-ball sets, tournament gifts, retail packs, and premium golf accessory kits.",153,YES,YES,YES,YES,YES,YES,YES,YES,YES,YES,PASS
1240,http://localhost/hopgiayvpn/product/custom-resistance-band-packaging-box/,"resistance band packaging box","Custom Resistance Band Packaging Box Manufacturer Supplier",58,"CUSTOM RESISTANCE BAND PACKAGING BOX for loop bands, tube bands, resistance sets, therapy bands, training kits, retail hanging packs, and e-commerce fitness.",157,YES,YES,YES,YES,YES,YES,YES,YES,YES,YES,PASS
1245,http://localhost/hopgiayvpn/product/custom-yoga-mat-packaging-box/,"yoga mat packaging box","Custom Yoga Mat Packaging Box for Yoga Brands Manufacturer",58,"CUSTOM YOGA MAT PACKAGING BOX for rolled yoga mats, pilates mats, fitness mats, travel mats, wellness gift sets, and e-commerce exercise equipment.",147,YES,YES,YES,YES,YES,YES,YES,YES,YES,YES,PASS
1276,http://localhost/hopgiayvpn/product/custom-bracelet-packaging-box-with-pillow-insert/,"bracelet packaging box","Custom Bracelet Packaging Box With Pillow Insert Supplier",57,"CUSTOM BRACELET PACKAGING BOX WITH PILLOW INSERT is a custom jewelry paper box for boutique jewelry, retail display, gift packaging, and e-commerce orders.",155,YES,YES,YES,YES,YES,YES,YES,YES,YES,YES,PASS
1281,http://localhost/hopgiayvpn/product/custom-earring-box-with-foam-insert/,"earring box with foam insert","Custom Earring Box With Foam Insert for Jewelry Brands",54,"CUSTOM EARRING BOX WITH FOAM INSERT is a custom jewelry paper box for boutique jewelry, retail display, gift packaging, and e-commerce orders.",142,YES,YES,YES,YES,YES,YES,YES,YES,YES,YES,PASS
1286,http://localhost/hopgiayvpn/product/custom-necklace-paper-box-with-logo/,"necklace paper box","Custom Necklace Paper Box With Logo for Jewelry Brands",54,"CUSTOM NECKLACE PAPER BOX WITH LOGO is a custom jewelry paper box for boutique jewelry, retail display, gift packaging, and e-commerce orders.",142,YES,YES,YES,YES,YES,YES,YES,YES,YES,YES,PASS
1291,http://localhost/hopgiayvpn/product/custom-ring-box-with-velvet-insert/,"ring box with velvet insert","Custom Ring Box With Velvet Insert for Jewelry Brands",53,"CUSTOM RING BOX WITH VELVET INSERT is a custom jewelry paper box for boutique jewelry, retail display, gift packaging, and e-commerce orders.",141,YES,YES,YES,YES,YES,YES,YES,YES,YES,YES,PASS
1412,http://localhost/hopgiayvpn/product/custom-serum-packaging-box/,"serum packaging box","Custom Serum Packaging Box for Skincare Brands Manufacturer",59,"CUSTOM SERUM PACKAGING BOX is a custom paper packaging solution for glass dropper bottles, pump serums, ampoule-style serums, booster treatments, and.",150,YES,YES,YES,YES,YES,YES,YES,YES,YES,YES,PASS
1413,http://localhost/hopgiayvpn/product/custom-cream-jar-packaging-box/,"cream jar packaging box","Custom Cream Jar Packaging Box for Skincare Brands",50,"CUSTOM CREAM JAR PACKAGING BOX is a custom paper packaging solution for face cream jars, moisturizer jars, night cream pots, gel cream containers, and.",151,YES,YES,YES,YES,YES,YES,YES,YES,YES,YES,PASS
1414,http://localhost/hopgiayvpn/product/custom-lotion-bottle-packaging-box/,"lotion bottle packaging box","Custom Lotion Bottle Packaging Box for Skincare Brands",54,"CUSTOM LOTION BOTTLE PACKAGING BOX is a custom paper packaging solution for lotion bottles, pump bottles, body milk bottles, hand cream bottles, and.",149,YES,YES,YES,YES,YES,YES,YES,YES,YES,YES,PASS
1415,http://localhost/hopgiayvpn/product/custom-facial-mask-packaging-box/,"facial mask packaging box","Custom Facial Mask Packaging Box for Skincare Brands",52,"CUSTOM FACIAL MASK PACKAGING BOX is a custom paper packaging solution for sheet mask sachets, facial mask pouches, clay mask packets, eye mask packs, and.",154,YES,YES,YES,YES,YES,YES,YES,YES,YES,YES,PASS
1416,http://localhost/hopgiayvpn/product/custom-sunscreen-packaging-box/,"sunscreen packaging box","Custom Sunscreen Packaging Box for Skincare Brands",50,"CUSTOM SUNSCREEN PACKAGING BOX is a custom paper packaging solution for sunscreen tubes, SPF lotion bottles, mineral sunscreen sticks, face sunscreen bottles.",158,YES,YES,YES,YES,YES,YES,YES,YES,YES,YES,PASS
1417,http://localhost/hopgiayvpn/product/custom-toner-packaging-box/,"toner packaging box","Custom Toner Packaging Box for Skincare Brands Manufacturer",59,"CUSTOM TONER PACKAGING BOX is a custom paper packaging solution for toner bottles, essence bottles, mist bottles, balancing lotion bottles, and liquid.",151,YES,YES,YES,YES,YES,YES,YES,YES,YES,YES,PASS
1418,http://localhost/hopgiayvpn/product/custom-cleanser-packaging-box/,"cleanser packaging box","Custom Cleanser Packaging Box for Skincare Brands Supplier",58,"CUSTOM CLEANSER PACKAGING BOX is a custom paper packaging solution for facial cleanser tubes, foam cleanser bottles, gel cleanser tubes, cleansing milk.",152,YES,YES,YES,YES,YES,YES,YES,YES,YES,YES,PASS
1419,http://localhost/hopgiayvpn/product/custom-eye-cream-packaging-box/,"eye cream packaging box","Custom Eye Cream Packaging Box for Skincare Brands",50,"CUSTOM EYE CREAM PACKAGING BOX is a custom paper packaging solution for small eye cream tubes, mini jars, pump eye treatments, roller applicators, and.",151,YES,YES,YES,YES,YES,YES,YES,YES,YES,YES,PASS
1420,http://localhost/hopgiayvpn/product/custom-skincare-set-packaging-box/,"skincare set packaging box","Custom Skincare Set Packaging Box for Skincare Brands",53,"CUSTOM SKINCARE SET PACKAGING BOX is a custom paper packaging solution for serum, toner, cleanser, cream, mask, lotion, eye cream, mini bottles, jars, and.",155,YES,YES,YES,YES,YES,YES,YES,YES,YES,YES,PASS
1421,http://localhost/hopgiayvpn/product/custom-lip-balm-packaging-box/,"lip balm packaging box","Custom Lip Balm Packaging Box for Lip Care Brands Supplier",58,"CUSTOM LIP BALM PACKAGING BOX is a custom paper packaging solution for lip balm tubes, lip treatment sticks, small jars, tinted balms, SPF lip products, and.",157,YES,YES,YES,YES,YES,YES,YES,YES,YES,YES,PASS
1473,http://localhost/hopgiayvpn/product/custom-perfume-magnetic-closure-box/,"perfume magnetic closure box","Custom Perfume Magnetic Closure Box for Perfume Brands",54,"Custom Perfume Magnetic Closure Box is a custom magnetic closure box for glass perfume bottles, fragrance discovery sets, atomizer gifts, refill bottles, and.",158,YES,YES,YES,YES,YES,YES,YES,YES,YES,YES,PASS
1474,http://localhost/hopgiayvpn/product/custom-skincare-magnetic-closure-box/,"skincare magnetic closure box","Custom Skincare Magnetic Closure Box for Skincare Brands",56,"Custom Skincare Magnetic Closure Box is a custom magnetic closure box for serum bottles, cream jars, cleanser tubes, facial mask sets, routine kits, and.",153,YES,YES,YES,YES,YES,YES,YES,YES,YES,YES,PASS
1475,http://localhost/hopgiayvpn/product/custom-jewelry-magnetic-closure-box/,"jewelry magnetic closure box","Custom Jewelry Magnetic Closure Box for Jewelry Brands",54,"Custom Jewelry Magnetic Closure Box is a custom magnetic closure box for rings, earrings, necklaces, bracelets, charms, certificates, polishing cloths, and.",156,YES,YES,YES,YES,YES,YES,YES,YES,YES,YES,PASS
1476,http://localhost/hopgiayvpn/product/custom-watch-magnetic-presentation-box/,"watch magnetic presentation box","Custom Watch Magnetic PResentation Box for Watch Brands",55,"Custom Watch Magnetic Presentation Box is a custom magnetic closure box for watches, watch straps, warranty cards, manuals, polishing cloths, certificates.",155,YES,YES,YES,YES,YES,YES,YES,YES,YES,YES,PASS
1477,http://localhost/hopgiayvpn/product/custom-electronics-magnetic-closure-box/,"electronics magnetic closure box","Custom Electronics Magnetic Closure Box Manufacturer",52,"Custom Electronics Magnetic Closure Box is a custom magnetic closure box for wireless earbuds, chargers, cables, smart accessories, compact devices, manuals.",157,YES,YES,YES,YES,YES,YES,YES,YES,YES,YES,PASS
1478,http://localhost/hopgiayvpn/product/custom-candle-magnetic-gift-box/,"candle magnetic gift box","Custom Candle Magnetic Gift Box for Candle Brands Supplier",58,"Custom Candle Magnetic Gift Box is a custom magnetic closure box for glass candles, tin candles, diffuser sets, matches, scent cards, candle care cards, and.",157,YES,YES,YES,YES,YES,YES,YES,YES,YES,YES,PASS
1479,http://localhost/hopgiayvpn/product/custom-chocolate-magnetic-closure-box/,"chocolate magnetic closure box","Custom Chocolate Magnetic Closure Box for Chocolate Brands",58,"Custom Chocolate Magnetic Closure Box is a custom magnetic closure box for truffles, pralines, chocolate bars, assorted confectionery, tasting cards, sleeves.",158,YES,YES,YES,YES,YES,YES,YES,YES,YES,YES,PASS
1480,http://localhost/hopgiayvpn/product/custom-apparel-magnetic-gift-box/,"apparel magnetic gift box","Custom Apparel Magnetic Gift Box for Apparel Brands",51,"Custom Apparel Magnetic Gift Box is a custom magnetic closure box for folded shirts, scarves, socks, underwear sets, sportswear items, accessories, hang tags.",158,YES,YES,YES,YES,YES,YES,YES,YES,YES,YES,PASS
1481,http://localhost/hopgiayvpn/product/custom-corporate-pr-kit-magnetic-box/,"corporate pr kit magnetic box","Custom Corporate PR Kit Magnetic Box Manufacturer Supplier",58,"Custom Corporate PR Kit Magnetic Box is a custom magnetic closure box for product samples, cards, brochures, branded gifts, QR cards, vouchers, launch.",151,YES,YES,YES,YES,YES,YES,YES,YES,YES,YES,PASS
1482,http://localhost/hopgiayvpn/product/custom-wine-magnetic-gift-box/,"wine magnetic gift box","Custom Wine Magnetic Gift Box for Wine Brands Manufacturer",58,"Custom Wine Magnetic Gift Box is a custom magnetic closure box for wine bottles, sparkling drink bottles, tasting cards, bottle openers, glasses, sleeves, and.",159,YES,YES,YES,YES,YES,YES,YES,YES,YES,YES,PASS
5557,http://localhost/hopgiayvpn/product/custom-perfume-and-lotion-gift-set-box/,"perfume and lotion gift set box","Custom Perfume And Lotion Gift Set Box for Perfume Brands",57,"CUSTOM PERFUME AND LOTION GIFT SET BOX is a custom perfume packaging solution for perfume bottles, body lotion tubes, cream jars, scent cards, mini sprays.",155,YES,YES,YES,YES,YES,YES,YES,YES,YES,YES,PASS
5581,http://localhost/hopgiayvpn/product/custom-perfume-box-with-paper-insert/,"perfume box with paper insert","Custom Perfume Box With Paper Insert for Perfume Brands",55,"CUSTOM PERFUME BOX WITH PAPER INSERT is a custom perfume packaging solution for perfume bottles, cologne bottles, travel sprays, refill bottles, fragrance.",155,YES,YES,YES,YES,YES,YES,YES,YES,YES,YES,PASS
5609,http://localhost/hopgiayvpn/product/custom-perfume-drawer-box-with-insert/,"perfume drawer box with insert","Custom Perfume Drawer Box With Insert for Perfume Brands",56,"CUSTOM PERFUME DRAWER BOX WITH INSERT is a custom perfume packaging solution for perfume bottles, sample vials, scent cards, refill bottles, atomizers, and.",156,YES,YES,YES,YES,YES,YES,YES,YES,YES,YES,PASS
5635,http://localhost/hopgiayvpn/product/custom-perfume-sample-set-box/,"perfume sample set box","Custom Perfume Sample Set Box for Perfume Samples Brands",56,"CUSTOM PERFUME SAMPLE SET BOX is a custom perfume packaging solution for multiple perfume vials, mini spray bottles, scent cards, discovery notes, refill.",154,YES,YES,YES,YES,YES,YES,YES,YES,YES,YES,PASS
5661,http://localhost/hopgiayvpn/product/custom-refillable-perfume-packaging-box/,"refillable perfume packaging box","Custom Refillable Perfume Packaging Box Manufacturer",52,"CUSTOM REFILLABLE PERFUME PACKAGING BOX is a custom perfume packaging solution for refillable perfume bottles, travel atomizers, refill cartridges, glass.",154,YES,YES,YES,YES,YES,YES,YES,YES,YES,YES,PASS
5685,http://localhost/hopgiayvpn/product/custom-folding-carton-perfume-box/,"folding carton perfume box","Custom Folding Carton Perfume Box for Perfume Brands",52,"CUSTOM FOLDING CARTON PERFUME BOX is a custom perfume packaging solution for 30ml, 50ml, and 100ml perfume bottles, cologne bottles, eau de parfum cartons.",155,YES,YES,YES,YES,YES,YES,YES,YES,YES,YES,PASS
5709,http://localhost/hopgiayvpn/product/custom-luxury-perfume-box-with-magnetic-closure/,"luxury perfume box with magnetic closure","Custom Luxury Perfume Box With Magnetic Closure Manufacturer",60,"CUSTOM LUXURY PERFUME BOX WITH MAGNETIC CLOSURE is a custom perfume packaging solution for premium glass perfume bottles, limited fragrance launches, atomizer.",159,YES,YES,YES,YES,YES,YES,YES,YES,YES,YES,PASS
5735,http://localhost/hopgiayvpn/product/custom-mini-perfume-bottle-packaging-box/,"mini perfume bottle packaging box","Custom Mini Perfume Bottle Packaging Box Manufacturer",53,"CUSTOM MINI PERFUME BOTTLE PACKAGING BOX is a custom perfume packaging solution for mini perfume bottles, sample spray vials, travel atomizers, discovery.",154,YES,YES,YES,YES,YES,YES,YES,YES,YES,YES,PASS
5757,http://localhost/hopgiayvpn/product/custom-perfume-box-with-eva-foam-insert/,"perfume box with eva foam insert","Custom Perfume Box With EVA Foam Insert for Perfume Brands",58,"CUSTOM PERFUME BOX WITH EVA FOAM INSERT is a custom perfume packaging solution for fragile glass perfume bottles, premium caps, atomizer bottles, sample cards.",159,YES,YES,YES,YES,YES,YES,YES,YES,YES,YES,PASS
5779,http://localhost/hopgiayvpn/product/custom-perfume-box-with-lid-and-base/,"perfume box with lid and base","Custom Perfume Box With Lid And Base for Perfume Brands",55,"CUSTOM PERFUME BOX WITH LID AND BASE is a custom perfume packaging solution for perfume bottles, cologne bottles, scent cards, travel sprays, refill bottles.",157,YES,YES,YES,YES,YES,YES,YES,YES,YES,YES,PASS
5803,http://localhost/hopgiayvpn/product/custom-corrugated-apparel-mailer-box/,"corrugated apparel mailer box","Custom Corrugated Apparel Mailer Box for Apparel Brands",55,"CUSTOM CORRUGATED APPAREL MAILER BOX is a custom corrugated packaging solution for folded shirts, hoodies, socks, accessories, textile samples, influencer.",155,YES,YES,YES,YES,YES,YES,YES,YES,YES,YES,PASS
5824,http://localhost/hopgiayvpn/product/custom-corrugated-book-mailer-box/,"corrugated book mailer box","Custom Corrugated Book Mailer Box for Books Brands",50,"CUSTOM CORRUGATED BOOK MAILER BOX is a custom corrugated packaging solution for books, notebooks, journals, catalogs, planners, printed manuals, educational.",157,YES,YES,YES,YES,YES,YES,YES,YES,YES,YES,PASS
5849,http://localhost/hopgiayvpn/product/custom-corrugated-bottle-shipping-box-with-dividers/,"corrugated bottle shipping box with dividers","Custom Corrugated Bottle Shipping Box With Dividers",51,"CUSTOM CORRUGATED BOTTLE SHIPPING BOX WITH DIVIDERS is a custom corrugated packaging solution for glass bottles, beverage samples, sauce bottles, essential.",156,YES,YES,YES,YES,YES,YES,YES,YES,YES,YES,PASS
5873,http://localhost/hopgiayvpn/product/custom-corrugated-candle-shipping-box/,"corrugated candle shipping box","Custom Corrugated Candle Shipping Box for Candles Brands",56,"CUSTOM CORRUGATED CANDLE SHIPPING BOX is a custom corrugated packaging solution for glass jar candles, tin candles, ceramic candle cups, wax melts, candle.",155,YES,YES,YES,YES,YES,YES,YES,YES,YES,YES,PASS
5897,http://localhost/hopgiayvpn/product/custom-corrugated-cosmetic-mailer-box/,"corrugated cosmetic mailer box","Custom Corrugated Cosmetic Mailer Box for Cosmetics Brands",58,"CUSTOM CORRUGATED COSMETIC MAILER BOX is a custom corrugated packaging solution for serum bottles, cream jars, tubes, cosmetic cartons, sample sachets, beauty.",159,YES,YES,YES,YES,YES,YES,YES,YES,YES,YES,PASS
5924,http://localhost/hopgiayvpn/product/custom-corrugated-electronics-mailer-box/,"corrugated electronics mailer box","Custom Corrugated Electronics Mailer Box Manufacturer",53,"CUSTOM CORRUGATED ELECTRONICS MAILER BOX is a custom corrugated packaging solution for charging cables, adapters, phone cases, small gadgets, repair tools.",155,YES,YES,YES,YES,YES,YES,YES,YES,YES,YES,PASS
5952,http://localhost/hopgiayvpn/product/custom-corrugated-food-delivery-box/,"corrugated food delivery box","Custom Corrugated Food Delivery Box for Food Delivery Brands",60,"CUSTOM CORRUGATED FOOD DELIVERY BOX is a custom corrugated packaging solution for meal kits, bakery items, snack packs, sauce jars, dry food sets, insulated.",157,YES,YES,YES,YES,YES,YES,YES,YES,YES,YES,PASS
5972,http://localhost/hopgiayvpn/product/custom-corrugated-gift-set-mailer-box/,"corrugated gift set mailer box","Custom Corrugated Gift Set Mailer Box Manufacturer",50,"CUSTOM CORRUGATED GIFT SET MAILER BOX is a custom corrugated packaging solution for multi-item gift sets, promotional kits, branded merchandise, candles.",153,YES,YES,YES,YES,YES,YES,YES,YES,YES,YES,PASS
6000,http://localhost/hopgiayvpn/product/custom-corrugated-shoe-mailer-box/,"corrugated shoe mailer box","Custom Corrugated Shoe Mailer Box for Footwear Brands",53,"CUSTOM CORRUGATED SHOE MAILER BOX is a custom corrugated packaging solution for sneakers, sandals, casual shoes, footwear samples, socks, shoe care cards, and.",159,YES,YES,YES,YES,YES,YES,YES,YES,YES,YES,PASS
6024,http://localhost/hopgiayvpn/product/custom-corrugated-subscription-box/,"corrugated subscription box","Custom Corrugated Subscription Box Manufacturer Manufacturer",60,"CUSTOM CORRUGATED SUBSCRIPTION BOX is a custom corrugated packaging solution for monthly product assortments, sample kits, lifestyle items, beauty minis.",153,YES,YES,YES,YES,YES,YES,YES,YES,YES,YES,PASS
7081,http://localhost/hopgiayvpn/product/board-game-packaging-box/,"board game packaging box","Board Game Packaging Box for Toys Brands Manufacturer",53,"Board Game Packaging Box is developed for board-game publishers, tabletop studios, educational game brands, crowdfunding teams, and specialty retailers.",152,YES,YES,YES,YES,YES,YES,YES,YES,YES,YES,PASS
7082,http://localhost/hopgiayvpn/product/card-game-packaging-box/,"card game packaging box","Card Game Packaging Box for Toys Brands Manufacturer",52,"Card Game Packaging Box is developed for card-game publishers, learning brands, promotional agencies, casino suppliers, and retail card manufacturers packing.",158,YES,YES,YES,YES,YES,YES,YES,YES,YES,YES,PASS
7083,http://localhost/hopgiayvpn/product/childrens-craft-kit-packaging-box/,"children s craft kit packaging box","Childrens Craft Kit Packaging Box for Toys Brands Supplier",58,"Childrens Craft Kit Packaging Box is developed for creative toy brands, school suppliers, museum shops, subscription craft programs, and educational.",149,YES,YES,YES,YES,YES,YES,YES,YES,YES,YES,PASS
7084,http://localhost/hopgiayvpn/product/collectible-figure-packaging-box/,"collectible figure packaging box","Collectible Figure Packaging Box for Toys Brands Supplier",57,"Collectible Figure Packaging Box is developed for collectible brands, animation licensors, designer-toy studios, event merchandise teams, and specialty.",152,YES,YES,YES,YES,YES,YES,YES,YES,YES,YES,PASS
7085,http://localhost/hopgiayvpn/product/custom-toy-packaging-box/,"custom toy packaging box","Custom Toy Packaging Box for Toys Brands Manufacturer",53,"Custom Toy Packaging Box is developed for wooden toy makers, Montessori brands, preschool suppliers, educational retailers, and private-label toy companies.",156,YES,YES,YES,YES,YES,YES,YES,YES,YES,YES,PASS
7086,http://localhost/hopgiayvpn/product/educational-toy-packaging-box/,"educational toy packaging box","Educational Toy Packaging Box for Toys Brands Manufacturer",58,"Educational Toy Packaging Box is developed for learning brands, preschool chains, tutoring suppliers, school distributors, and child-development product.",153,YES,YES,YES,YES,YES,YES,YES,YES,YES,YES,PASS
7087,http://localhost/hopgiayvpn/product/puzzle-packaging-box/,"puzzle packaging box","Puzzle Packaging Box for Toys Brands Manufacturer Supplier",58,"Puzzle Packaging Box is developed for puzzle publishers, museum shops, gift brands, educational retailers, and custom artwork licensors packing jigsaw puzzle.",158,YES,YES,YES,YES,YES,YES,YES,YES,YES,YES,PASS
7088,http://localhost/hopgiayvpn/product/coffee-capsule-packaging-box/,"coffee capsule packaging box","Coffee Capsule Packaging Box for Tea Brands Manufacturer",56,"Coffee Capsule Packaging Box is developed for coffee roasters, capsule fillers, private-label beverage brands, hotels, offices, and specialty retailers.",152,YES,YES,YES,YES,YES,YES,YES,YES,YES,YES,PASS
7089,http://localhost/hopgiayvpn/product/coffee-drip-bag-packaging-box/,"coffee drip bag packaging box","Coffee Drip Bag Packaging Box for Tea Brands Manufacturer",57,"Coffee Drip Bag Packaging Box is developed for specialty roasters, hotel suppliers, travel coffee brands, office programs, and private-label beverage.",150,YES,YES,YES,YES,YES,YES,YES,YES,YES,YES,PASS
7090,http://localhost/hopgiayvpn/product/custom-coffee-bean-packaging-box/,"custom coffee bean packaging box","Custom Coffee Bean Packaging Box for Tea Brands Manufacturer",60,"Custom Coffee Bean Packaging Box is developed for specialty roasters, cafe chains, origin exporters, private-label sellers, and gourmet food retailers packing.",159,YES,YES,YES,YES,YES,YES,YES,YES,YES,YES,PASS
7091,http://localhost/hopgiayvpn/product/custom-tea-bag-packaging-box/,"custom tea bag packaging box","Custom Tea Bag Packaging Box for Tea Brands Manufacturer",56,"Custom Tea Bag Packaging Box is developed for tea blenders, wellness brands, hotel suppliers, grocery retailers, and private-label beverage companies packing.",158,YES,YES,YES,YES,YES,YES,YES,YES,YES,YES,PASS
7092,http://localhost/hopgiayvpn/product/loose-leaf-tea-packaging-box/,"loose leaf tea packaging box","Loose Leaf Tea Packaging Box for Tea Brands Manufacturer",56,"Loose Leaf Tea Packaging Box is developed for tea estates, specialty blenders, wellness retailers, private-label brands, and export tea suppliers packing.",154,YES,YES,YES,YES,YES,YES,YES,YES,YES,YES,PASS
7093,http://localhost/hopgiayvpn/product/tea-coffee-gift-set-box/,"tea coffee gift set box","Tea Coffee Gift Set Box for Tea Brands Manufacturer",51,"Tea Coffee Gift Set Box is developed for premium beverage brands, corporate gift buyers, hotels, distributors, and seasonal retail programs packing tea tins.",157,YES,YES,YES,YES,YES,YES,YES,YES,YES,YES,PASS
7094,http://localhost/hopgiayvpn/product/tea-gift-box-with-compartments/,"tea gift box with compartments","Tea Gift Box With Compartments for Tea Brands Manufacturer",58,"Tea Gift Box With Compartments is developed for tea houses, hospitality brands, corporate gift teams, wellness retailers, and seasonal gift suppliers packing.",158,YES,YES,YES,YES,YES,YES,YES,YES,YES,YES,PASS
7095,http://localhost/hopgiayvpn/product/custom-pet-food-packaging-box/,"custom pet food packaging box","Custom Pet Food Packaging Box for Pet Food Brands Supplier",58,"Custom Pet Food Packaging Box is developed for pet food brands, veterinary retailers, subscription suppliers, distributors, and private-label manufacturers.",156,YES,YES,YES,YES,YES,YES,YES,YES,YES,YES,PASS
7096,http://localhost/hopgiayvpn/product/custom-pet-treat-packaging-box/,"custom pet treat packaging box","Custom Pet Treat Packaging Box for Pet Food Brands",50,"Custom Pet Treat Packaging Box is developed for pet treat brands, bakeries, veterinary shops, training suppliers, and private-label pet retailers packing.",154,YES,YES,YES,YES,YES,YES,YES,YES,YES,YES,PASS
7097,http://localhost/hopgiayvpn/product/pet-accessory-gift-box/,"pet accessory gift box","Pet Accessory Gift Box for Pet Food Brands Manufacturer",55,"Pet Accessory Gift Box is developed for pet accessory brands, boutiques, groomers, corporate gift teams, and premium ecommerce retailers packing collars.",153,YES,YES,YES,YES,YES,YES,YES,YES,YES,YES,PASS
7098,http://localhost/hopgiayvpn/product/pet-grooming-product-packaging-box/,"pet grooming product packaging box","Pet Grooming PRoduct Packaging Box for Pet Food Brands",54,"Pet Grooming Product Packaging Box is developed for pet grooming brands, salons, veterinary retailers, private-label care suppliers, and ecommerce sellers.",155,YES,YES,YES,YES,YES,YES,YES,YES,YES,YES,PASS
7099,http://localhost/hopgiayvpn/product/pet-product-sample-kit-box/,"pet product sample kit box","Pet PRoduct Sample Kit Box for Pet Food Brands Manufacturer",59,"Pet Product Sample Kit Box is developed for pet brands, veterinary programs, subscription marketers, retail launch teams, and distributor sampling campaigns.",157,YES,YES,YES,YES,YES,YES,YES,YES,YES,YES,PASS
7100,http://localhost/hopgiayvpn/product/pet-subscription-mailer-box/,"pet subscription mailer box","Pet Subscription Mailer Box for Pet Food Brands Manufacturer",60,"Pet Subscription Mailer Box is developed for pet subscription companies, ecommerce brands, loyalty programs, shelters, and direct-to-consumer retailers.",152,YES,YES,YES,YES,YES,YES,YES,YES,YES,YES,PASS
7101,http://localhost/hopgiayvpn/product/pet-supplement-packaging-box/,"pet supplement packaging box","Pet Supplement Packaging Box for Pet Food Brands Supplier",57,"Pet Supplement Packaging Box is developed for pet supplement brands, veterinary distributors, private-label laboratories, wellness retailers, and ecommerce.",156,YES,YES,YES,YES,YES,YES,YES,YES,YES,YES,PASS
7181,http://localhost/hopgiayvpn/product/custom-white-paper-shopping-bag-with-brown-rope-handles/,"white paper shopping bag with brown rope handles","Custom White Paper Shopping Bag With Brown Rope Handles",55,"CUSTOM WHITE PAPER SHOPPING BAG WITH BROWN ROPE HANDLES is designed for fashion boutiques, cosmetics retailers, premium food shops, corporate stores, and.",154,YES,YES,YES,YES,YES,YES,YES,YES,YES,YES,PASS
7187,http://localhost/hopgiayvpn/product/custom-rust-paper-shopping-bag-with-rope-handles/,"rust paper shopping bag with rope handles","Custom Rust Paper Shopping Bag With Rope Handles Supplier",57,"CUSTOM RUST PAPER SHOPPING BAG WITH ROPE HANDLES is designed for apparel labels, leather-goods stores, home-lifestyle brands, artisan retailers, and seasonal.",158,YES,YES,YES,YES,YES,YES,YES,YES,YES,YES,PASS
7192,http://localhost/hopgiayvpn/product/custom-pink-paper-gift-bag-with-twisted-handles/,"pink paper gift bag with twisted handles","Custom Pink Paper Gift Bag With Twisted Handles Manufacturer",60,"CUSTOM PINK PAPER GIFT BAG WITH TWISTED HANDLES is designed for beauty shops, jewelry and accessory retailers, gift boutiques, bakery counters, and.",148,YES,YES,YES,YES,YES,YES,YES,YES,YES,YES,PASS
7199,http://localhost/hopgiayvpn/product/custom-lime-green-paper-shopping-bag-with-rope-handles/,"lime green paper shopping bag with rope handles","Custom Lime Green Paper Shopping Bag With Rope Handles",54,"CUSTOM LIME GREEN PAPER SHOPPING BAG WITH ROPE HANDLES is designed for wellness brands, natural-product retailers, sports shops, children’s stores, beverage.",157,YES,YES,YES,YES,YES,YES,YES,YES,YES,YES,PASS
7204,http://localhost/hopgiayvpn/product/custom-birthday-paper-gift-bag-with-candle-print/,"birthday paper gift bag with candle print","Custom Birthday Paper Gift Bag With Candle PRint Supplier",57,"CUSTOM BIRTHDAY PAPER GIFT BAG WITH CANDLE PRINT is designed for party-supply brands, birthday retailers, stationery chains, toy shops, bakeries, and.",150,YES,YES,YES,YES,YES,YES,YES,YES,YES,YES,PASS
7209,http://localhost/hopgiayvpn/product/custom-birthday-paper-gift-bag-with-present-print/,"birthday paper gift bag with present print","Custom Birthday Paper Gift Bag With PResent PRint Supplier",58,"CUSTOM BIRTHDAY PAPER GIFT BAG WITH PRESENT PRINT is designed for gift shops, department stores, card retailers, toy and lifestyle chains, and private-label.",157,YES,YES,YES,YES,YES,YES,YES,YES,YES,YES,PASS
7291,http://localhost/hopgiayvpn/product/custom-christmas-gift-box-with-ribbon/,"custom christmas gift box with ribbon","Custom Christmas Gift Box With Ribbon Manufacturer",50,"CUSTOM CHRISTMAS GIFT BOX WITH RIBBON is a two-piece rigid presentation box developed for corporate holiday programs, seasonal retail collections, beauty and.",158,YES,YES,YES,YES,YES,YES,YES,YES,YES,YES,PASS
