product_id,title,url,url_http_status,search_intent,primary_keyword,secondary_keyword_1,secondary_keyword_2,secondary_keyword_3,secondary_keyword_4,secondary_keyword_5,search_volume,keyword_difficulty,decision_flag,decision_reason,owner_review
228,"Custom Cylindrical Paper Tube Box",http://localhost/hopgiayvpn/product/custom-cylindrical-paper-tube-box/,200,"Commercial investigation — source cylindrical paper tube box for tea; evaluate cylindrical paper tube box.","cylindrical paper tube box","tea packaging box","cylindrical paper tube box manufacturer","cylindrical paper tube box for tea","art paper tea box",,,,KEEP_DISTINCT,"Distinct product title and source-backed DNA.",NO
229,"Custom Flat Rigid Gift Box with Ribbon",http://localhost/hopgiayvpn/product/custom-flat-rigid-gift-box-with-ribbon/,200,"Commercial investigation — source flat rigid gift box for apparel; evaluate flat rigid gift box with ribbon.","flat rigid gift box","flat rigid gift box with ribbon","apparel packaging box","flat rigid gift box manufacturer","flat rigid gift box with ribbon for apparel","art paper apparel box",,,KEEP_AS_VARIANT,"Related commercial intent with source-backed differences: structure, opening/closure, insert/support, packed product/use",NO
230,"Custom Pastry Display Box with Drawer",http://localhost/hopgiayvpn/product/custom-pastry-display-box-with-drawer/,200,"Commercial investigation — source pastry display box with drawer for food; evaluate pastry display box with drawer.","pastry display box with drawer","food packaging box","pastry display box with drawer manufacturer","pastry display box with drawer for food","food grade paper food box",,,,KEEP_AS_VARIANT,"Related commercial intent with source-backed differences: structure, opening/closure, insert/support, packed product/use",NO
231,"Custom Wine Drawer Box with Insert",http://localhost/hopgiayvpn/product/custom-wine-drawer-box-with-insert/,200,"Commercial investigation — source wine drawer box with insert for wine; evaluate wine drawer box with insert.","wine drawer box with insert","wine packaging box","wine drawer box with insert manufacturer","wine drawer box with insert for wine","art paper wine box",,,,KEEP_AS_VARIANT,"Related commercial intent with source-backed differences: structure, opening/closure, insert/support, packed product/use",NO
232,"Luxury Wine Bottle Packaging Boxes",http://localhost/hopgiayvpn/product/luxury-wine-bottle-packaging-boxes/,200,"Commercial investigation — source luxury wine bottle packaging boxes.","luxury wine bottle packaging boxes","luxury wine bottle packaging boxes manufacturer","wholesale luxury wine bottle packaging boxes","luxury wine bottle packaging boxes supplier",,,,,NEEDS_OWNER_REVIEW,"Search intent overlaps, but one or both source records lack enough Product DNA to prove a distinct variant.",YES
233,"Custom Candle Jar Box with Insert",http://localhost/hopgiayvpn/product/custom-candle-jar-box-with-insert/,200,"Commercial investigation — source candle jar box with insert for candle; evaluate candle jar box with insert.","candle jar box with insert","candle packaging box","candle jar box with insert manufacturer","candle jar box with insert for candle","art paper candle box",,,,KEEP_DISTINCT,"Distinct product title and source-backed DNA.",NO
234,"Custom Incense Packaging Box with Window",http://localhost/hopgiayvpn/product/custom-incense-packaging-box-with-window/,200,"Commercial investigation — source incense packaging box with window for incense; evaluate incense packaging box with window.","incense packaging box with window","incense packaging box","incense packaging box with window manufacturer","incense packaging box with window for incense","art paper incense box",,,,KEEP_DISTINCT,"Distinct product title and source-backed DNA.",NO
235,"Custom Essential Oil Packaging Box with Insert",http://localhost/hopgiayvpn/product/custom-essential-oil-packaging-box-with-insert/,200,"Commercial investigation — source essential oil packaging box for essential oil; evaluate essential oil packaging box with insert.","essential oil packaging box","essential oil packaging box with insert","essential oil packaging box manufacturer","essential oil packaging box with insert for essential oil","white cardboard essential oil box",,,,KEEP_DISTINCT,"Distinct product title and source-backed DNA.",YES
236,"Custom Wallet Drawer Box",http://localhost/hopgiayvpn/product/custom-wallet-drawer-box/,200,"Commercial investigation — source custom wallet drawer box for wallet; evaluate wallet drawer box.","custom wallet drawer box","wallet drawer box","wallet packaging box","custom wallet drawer box manufacturer","wallet drawer box for wallet","art paper wallet box",,,KEEP_AS_VARIANT,"Related commercial intent with source-backed differences: structure, opening/closure, insert/support, packed product/use",NO
237,"Custom Rigid Gift Box with Ribbon Closure",http://localhost/hopgiayvpn/product/custom-rigid-gift-box-with-ribbon-closure/,200,"Commercial investigation — source rigid gift box with ribbon for retail; evaluate rigid gift box with ribbon closure.","rigid gift box with ribbon","rigid gift box with ribbon closure","retail packaging box","rigid gift box with ribbon manufacturer","rigid gift box with ribbon closure for retail","art paper retail box",,,KEEP_AS_VARIANT,"Related commercial intent with source-backed differences: structure, opening/closure, insert/support, packed product/use",NO
238,"Custom Wine Gift Box with Accessories",http://localhost/hopgiayvpn/product/custom-wine-gift-box-with-accessories/,200,"Commercial investigation — source wine gift box with accessories for wine; evaluate wine gift box with accessories.","wine gift box with accessories","wine packaging box","wine gift box with accessories manufacturer","wine gift box with accessories for wine","art paper wine box",,,,KEEP_DISTINCT,"Distinct product title and source-backed DNA.",NO
239,"Custom Pizza Packaging Box",http://localhost/hopgiayvpn/product/custom-pizza-packaging-box/,200,"Commercial investigation — source custom pizza packaging box for food; evaluate pizza packaging box.","custom pizza packaging box","pizza packaging box","food packaging box","custom pizza packaging box manufacturer","pizza packaging box for food","food grade paper food box",,,KEEP_DISTINCT,"Distinct product title and source-backed DNA.",YES
240,"Custom Cosmetic Tube Packaging Box with Insert",http://localhost/hopgiayvpn/product/custom-cosmetic-tube-packaging-box-with-insert/,200,"Commercial investigation — source cosmetic tube packaging box for cosmetics; evaluate cosmetic tube packaging box with insert.","cosmetic tube packaging box","cosmetic tube packaging box with insert","cosmetics packaging box","cosmetic tube packaging box manufacturer","cosmetic tube packaging box with insert for cosmetics","white cardboard cosmetics box",,,KEEP_AS_VARIANT,"Related commercial intent with source-backed differences: structure, opening/closure, insert/support, packed product/use",NO
241,"Custom Perfume Box with Insert",http://localhost/hopgiayvpn/product/custom-perfume-box-with-insert/,200,"Commercial investigation — source perfume box with insert for perfume; evaluate perfume box with insert.","perfume box with insert","perfume packaging box","perfume box with insert manufacturer","perfume box with insert for perfume","art paper perfume box",,,,KEEP_AS_VARIANT,"Related commercial intent with source-backed differences: structure, opening/closure, packed product/use",NO
242,"Custom Gift Box with Ribbon Bow",http://localhost/hopgiayvpn/product/custom-gift-box-with-ribbon-bow/,200,"Commercial investigation — source gift box with ribbon bow for retail; evaluate gift box with ribbon bow.","gift box with ribbon bow","retail packaging box","gift box with ribbon bow manufacturer","gift box with ribbon bow for retail","art paper retail box",,,,KEEP_DISTINCT,"Distinct product title and source-backed DNA.",NO
243,"Custom Nested Kraft Gift Boxes with Ribbon",http://localhost/hopgiayvpn/product/custom-nested-kraft-gift-boxes-with-ribbon/,200,"Commercial investigation — source nested kraft gift boxes for retail; evaluate nested kraft gift boxes with ribbon.","nested kraft gift boxes","nested kraft gift boxes with ribbon","retail packaging box","nested kraft gift boxes manufacturer","nested kraft gift boxes with ribbon for retail","kraft paper retail box",,,KEEP_DISTINCT,"Distinct product title and source-backed DNA.",NO
244,"Custom Tea Gift Box with Window",http://localhost/hopgiayvpn/product/custom-tea-gift-box-with-window/,200,"Commercial investigation — source tea gift box with window for tea; evaluate tea gift box with window.","tea gift box with window","tea packaging box","tea gift box with window manufacturer","tea gift box with window for tea","art paper tea box",,,,KEEP_DISTINCT,"Distinct product title and source-backed DNA.",NO
245,"Custom Apparel Drawer Box with Ribbon Pull",http://localhost/hopgiayvpn/product/custom-apparel-drawer-box-with-ribbon-pull/,200,"Commercial investigation — source apparel drawer box for apparel; evaluate apparel drawer box with ribbon pull.","apparel drawer box","apparel drawer box with ribbon pull","apparel packaging box","apparel drawer box manufacturer","apparel drawer box with ribbon pull for apparel","art paper apparel box",,,KEEP_AS_VARIANT,"Related commercial intent with source-backed differences: structure, insert/support, packed product/use",NO
246,"Custom Gift Box with Shredded Paper Filler",http://localhost/hopgiayvpn/product/custom-gift-box-with-shredded-paper-filler/,200,"Commercial investigation — source gift box with shredded paper for retail; evaluate gift box with shredded paper filler.","gift box with shredded paper","gift box with shredded paper filler","retail packaging box","gift box with shredded paper manufacturer","gift box with shredded paper filler for retail","white cardboard retail box",,,KEEP_DISTINCT,"Distinct product title and source-backed DNA.",NO
247,"Custom Kraft Bakery Box with Window",http://localhost/hopgiayvpn/product/custom-kraft-bakery-box-with-window/,200,"Commercial investigation — source kraft bakery box with window.","kraft bakery box with window","kraft bakery box with window manufacturer","wholesale kraft bakery box with window","kraft bakery box with window supplier",,,,,KEEP_DISTINCT,"Distinct product title and source-backed DNA.",YES
248,"Custom Pastry Sleeve Box with Insert",http://localhost/hopgiayvpn/product/custom-pastry-sleeve-box-with-insert/,200,"Commercial investigation — source pastry sleeve box for food; evaluate pastry sleeve box with insert.","pastry sleeve box","pastry sleeve box with insert","food packaging box","pastry sleeve box manufacturer","pastry sleeve box with insert for food","food grade paper food box",,,KEEP_DISTINCT,"Distinct product title and source-backed DNA.",NO
249,"Custom Mooncake Gift Box Set with Paper Bag",http://localhost/hopgiayvpn/product/custom-mooncake-gift-box-set-with-paper-bag/,200,"Commercial investigation — source mooncake gift box set for food; evaluate mooncake gift box set with paper bag.","mooncake gift box set","mooncake gift box set with paper bag","food packaging box","mooncake gift box set manufacturer","mooncake gift box set with paper bag for food","art paper food box",,,KEEP_AS_VARIANT,"Related commercial intent with source-backed differences: structure, opening/closure, insert/support, packed product/use",NO
250,"Custom Mooncake Handbag Gift Box with Insert",http://localhost/hopgiayvpn/product/custom-mooncake-handbag-gift-box-with-insert/,200,"Commercial investigation — source mooncake handbag gift box for food; evaluate mooncake handbag gift box with insert.","mooncake handbag gift box","mooncake handbag gift box with insert","food packaging box","mooncake handbag gift box manufacturer","mooncake handbag gift box with insert for food","art paper food box",,,KEEP_AS_VARIANT,"Related commercial intent with source-backed differences: structure, opening/closure, insert/support, packed product/use",NO
252,"Custom Mooncake Cabinet Gift Box with Drawers",http://localhost/hopgiayvpn/product/custom-mooncake-cabinet-gift-box-with-drawers/,200,"Commercial investigation — source mooncake cabinet gift box for food; evaluate mooncake cabinet gift box with drawers.","mooncake cabinet gift box","mooncake cabinet gift box with drawers","food packaging box","mooncake cabinet gift box manufacturer","mooncake cabinet gift box with drawers for food","art paper food box",,,KEEP_AS_VARIANT,"Related commercial intent with source-backed differences: structure, opening/closure, insert/support, packed product/use",NO
254,"Custom Rigid Gift Box with Matching Paper Bag",http://localhost/hopgiayvpn/product/custom-rigid-gift-box-with-matching-paper-bag/,200,"Commercial investigation — source rigid gift box with paper bag for retail; evaluate rigid gift box with matching paper bag.","rigid gift box with paper bag","rigid gift box with matching paper bag","retail packaging box","rigid gift box with paper bag manufacturer","rigid gift box with matching paper bag for retail","art paper retail box",,,KEEP_AS_VARIANT,"Related commercial intent with source-backed differences: structure, opening/closure, insert/support, packed product/use",NO
255,"Custom Round Jar Drawer Box",http://localhost/hopgiayvpn/product/custom-round-jar-drawer-box/,200,"Commercial investigation — source round jar drawer box for candle; evaluate round jar drawer box.","round jar drawer box","candle packaging box","round jar drawer box manufacturer","round jar drawer box for candle","art paper candle box",,,,KEEP_DISTINCT,"Distinct product title and source-backed DNA.",NO
256,"Custom Luxury Watch Box with Drawer",http://localhost/hopgiayvpn/product/custom-luxury-watch-box-with-drawer/,200,"Commercial investigation — source luxury watch box with drawer for watch; evaluate luxury watch box with drawer.","luxury watch box with drawer","watch packaging box","luxury watch box with drawer manufacturer","luxury watch box with drawer for watch","art paper watch box",,,,KEEP_AS_VARIANT,"Related commercial intent with source-backed differences: structure, opening/closure, insert/support",NO
257,"Custom Watch Box with Pillow Insert",http://localhost/hopgiayvpn/product/custom-watch-box-with-pillow-insert/,200,"Commercial investigation — source watch box with pillow for watch; evaluate watch box with pillow insert.","watch box with pillow","watch box with pillow insert","watch packaging box","watch box with pillow manufacturer","watch box with pillow insert for watch","art paper watch box",,,KEEP_AS_VARIANT,"Related commercial intent with source-backed differences: structure, opening/closure, insert/support",NO
295,"Custom Pastry Box with Clear Window",http://localhost/hopgiayvpn/product/custom-pastry-box-with-clear-window/,200,"Commercial investigation — source pastry box with window for food; evaluate pastry box with clear window.","pastry box with window","pastry box with clear window","food packaging box","pastry box with window manufacturer","pastry box with clear window for food","food grade paper food box",,,KEEP_AS_VARIANT,"Related commercial intent with source-backed differences: structure, insert/support, packed product/use",YES
323,"Custom Tumbler Packaging Box with Insert",http://localhost/hopgiayvpn/product/custom-tumbler-packaging-box-with-insert/,200,"Commercial investigation — source tumbler packaging box for drinkware; evaluate tumbler packaging box with insert.","tumbler packaging box","tumbler packaging box with insert","drinkware packaging box","tumbler packaging box manufacturer","tumbler packaging box with insert for drinkware","art paper drinkware box",,,KEEP_DISTINCT,"Distinct product title and source-backed DNA.",NO
325,"Custom Skincare Jar Packaging Box with Insert",http://localhost/hopgiayvpn/product/custom-skincare-jar-packaging-box-with-insert/,200,"Commercial investigation — source skincare jar packaging box for cosmetics; evaluate lid and base skincare jar box with insert.","skincare jar packaging box","lid and base skincare jar box with insert","cosmetics packaging box","skincare jar packaging box manufacturer","lid and base skincare jar box with insert for cosmetics","art paper cosmetics box",,,KEEP_DISTINCT,"Distinct product title and source-backed DNA.",NO
328,"Custom Bottle Carrier Box with Handle",http://localhost/hopgiayvpn/product/custom-bottle-carrier-box-with-handle/,200,"Commercial investigation — source bottle carrier box for beverage; evaluate bottle carrier box with handle.","bottle carrier box","bottle carrier box with handle","beverage packaging box","bottle carrier box manufacturer","bottle carrier box with handle for beverage","kraft paper beverage box",,,KEEP_DISTINCT,"Distinct product title and source-backed DNA.",NO
334,"Custom Perfume Gift Set Box with Insert",http://localhost/hopgiayvpn/product/custom-perfume-gift-set-box-with-insert/,200,"Commercial investigation — source perfume gift set box for perfume; evaluate perfume gift set box with insert.","perfume gift set box","perfume gift set box with insert","perfume packaging box","perfume gift set box manufacturer","perfume gift set box with insert for perfume","art paper perfume box",,,KEEP_AS_VARIANT,"Related commercial intent with source-backed differences: structure, opening/closure, packed product/use",NO
340,"Custom Cosmetic Drawer Box with Insert",http://localhost/hopgiayvpn/product/custom-cosmetic-drawer-box-with-insert/,200,"Commercial investigation — source cosmetic drawer box for cosmetics; evaluate cosmetic drawer box with insert.","cosmetic drawer box","cosmetic drawer box with insert","cosmetics packaging box","cosmetic drawer box manufacturer","cosmetic drawer box with insert for cosmetics","art paper cosmetics box",,,KEEP_AS_VARIANT,"Related commercial intent with source-backed differences: structure, opening/closure, insert/support, packed product/use",NO
346,"Custom Rigid Square Gift Box with Foil Logo",http://localhost/hopgiayvpn/product/custom-rigid-square-gift-box-with-foil-logo/,200,"Commercial investigation — source rigid square gift box for retail; evaluate rigid square gift box.","rigid square gift box","retail packaging box","rigid square gift box manufacturer","rigid square gift box for retail","art paper retail box",,,,KEEP_AS_VARIANT,"Related commercial intent with source-backed differences: structure, insert/support, packed product/use",YES
351,"Custom Luxury Mooncake Gift Box with Insert",http://localhost/hopgiayvpn/product/custom-luxury-mooncake-gift-box-with-insert/,200,"Commercial investigation — source luxury mooncake gift box for food; evaluate luxury rigid mooncake gift box.","luxury mooncake gift box","luxury rigid mooncake gift box","food packaging box","luxury mooncake gift box manufacturer","luxury rigid mooncake gift box for food","art paper food box",,,KEEP_AS_VARIANT,"Related commercial intent with source-backed differences: structure, opening/closure, insert/support, packed product/use",NO
357,"Custom Kraft Pastry Drawer Box with Insert",http://localhost/hopgiayvpn/product/custom-kraft-pastry-drawer-box-with-insert/,200,"Commercial investigation — source pastry drawer box for food; evaluate kraft drawer pastry box.","pastry drawer box","kraft drawer pastry box","food packaging box","pastry drawer box manufacturer","kraft drawer pastry box for food","kraft paper food box",,,KEEP_AS_VARIANT,"Related commercial intent with source-backed differences: structure, opening/closure, insert/support, packed product/use",NO
367,"Custom Mooncake Packaging Box",http://localhost/hopgiayvpn/product/custom-mooncake-packaging-box/,200,"Commercial investigation — source mooncake packaging box for food; evaluate mooncake packaging box.","mooncake packaging box","food packaging box","mooncake packaging box manufacturer","mooncake packaging box for food","food grade paper food box",,,,KEEP_AS_VARIANT,"Related commercial intent with source-backed differences: structure, opening/closure, insert/support, packed product/use",NO
373,"Custom Luxury Paper Gift Bag with Ribbon Handles",http://localhost/hopgiayvpn/product/custom-luxury-paper-gift-bag-with-ribbon-handles/,200,"Commercial investigation — source luxury paper gift bag for retail.","luxury paper gift bag","retail packaging box","luxury paper gift bag manufacturer","luxury paper gift bag for retail","art paper retail box",,,,KEEP_AS_VARIANT,"Related commercial intent with source-backed differences: structure, packed product/use",YES
379,"Custom Paper Shopping Bag with Handles",http://localhost/hopgiayvpn/product/custom-paper-shopping-bag-with-handles/,200,"Commercial investigation — source custom paper shopping bag for retail.","custom paper shopping bag","retail packaging box","custom paper shopping bag manufacturer","custom paper shopping bag for retail","art paper retail box",,,,KEEP_AS_VARIANT,"Related commercial intent with source-backed differences: structure, opening/closure, packed product/use",YES
386,"Custom Printed Corrugated Ecommerce Box",http://localhost/hopgiayvpn/product/custom-printed-corrugated-ecommerce-box/,200,"Commercial investigation — source printed corrugated ecommerce box for ecommerce; evaluate printed corrugated ecommerce box.","printed corrugated ecommerce box","ecommerce packaging box","printed corrugated ecommerce box manufacturer","printed corrugated ecommerce box for ecommerce","corrugated paper ecommerce box",,,,KEEP_AS_VARIANT,"Related commercial intent with source-backed differences: structure, opening/closure, insert/support, packed product/use",NO
391,"Custom Corrugated Mailer Box",http://localhost/hopgiayvpn/product/custom-corrugated-mailer-box/,200,"Commercial investigation — source custom corrugated mailer box for ecommerce; evaluate corrugated mailer box.","custom corrugated mailer box","corrugated mailer box","ecommerce packaging box","custom corrugated mailer box manufacturer","corrugated mailer box for ecommerce","corrugated paper ecommerce box",,,KEEP_AS_VARIANT,"Related commercial intent with source-backed differences: structure, opening/closure, insert/support, packed product/use",NO
397,"Custom Magnetic Gift Box with Insert Tray",http://localhost/hopgiayvpn/product/custom-magnetic-gift-box-with-insert-tray/,200,"Commercial investigation — source magnetic gift box with insert for cosmetics; evaluate magnetic closure rigid box with insert tray.","magnetic gift box with insert","magnetic closure rigid box with insert tray","cosmetics packaging box","magnetic gift box with insert manufacturer","magnetic closure rigid box with insert tray for cosmetics","art paper cosmetics box",,,KEEP_AS_VARIANT,"Related commercial intent with source-backed differences: structure, insert/support, packed product/use",NO
401,"Custom Magnetic Closure Gift Box",http://localhost/hopgiayvpn/product/custom-magnetic-closure-gift-box/,200,"Commercial investigation — source magnetic closure gift box for cosmetics; evaluate magnetic closure rigid box.","magnetic closure gift box","magnetic closure rigid box","cosmetics packaging box","magnetic closure gift box manufacturer","magnetic closure rigid box for cosmetics","art paper cosmetics box",,,KEEP_AS_VARIANT,"Related commercial intent with source-backed differences: structure, insert/support, packed product/use",NO
405,"Custom Perfume Display Box with Sleeve",http://localhost/hopgiayvpn/product/custom-perfume-display-box-with-sleeve/,200,"Commercial investigation — source perfume display box for perfume; evaluate rigid perfume display box.","perfume display box","rigid perfume display box","perfume packaging box","perfume display box manufacturer","rigid perfume display box for perfume","art paper perfume box",,,KEEP_AS_VARIANT,"Related commercial intent with source-backed differences: structure, opening/closure, insert/support, packed product/use",NO
416,"Custom Pastry Gift Box with Insert",http://localhost/hopgiayvpn/product/custom-pastry-gift-box-with-insert/,200,"Commercial investigation — source pastry gift box with insert for food; evaluate rigid pastry gift box.","pastry gift box with insert","rigid pastry gift box","food packaging box","pastry gift box with insert manufacturer","rigid pastry gift box for food","food grade paper food box",,,KEEP_DISTINCT,"Distinct product title and source-backed DNA.",YES
422,"CUSTOM MAGNETIC GIFT BOX",http://localhost/hopgiayvpn/product/custom-magnetic-gift-box/,200,"Commercial investigation — source magnetic gift box for retail; evaluate magnetic rigid gift box.","magnetic gift box","magnetic rigid gift box","retail packaging box","magnetic gift box manufacturer","magnetic rigid gift box for retail","rigid greyboard retail box",,,KEEP_AS_VARIANT,"Related commercial intent with source-backed differences: structure, opening/closure, insert/support, packed product/use",YES
426,"CUSTOM MEDICAL KIT PACKAGING BOX",http://localhost/hopgiayvpn/product/custom-medical-kit-packaging-box/,200,"Commercial investigation — source medical kit packaging box for healthcare; evaluate medical kit packaging box with insert.","medical kit packaging box","medical kit packaging box with insert","healthcare packaging box","medical kit packaging box manufacturer","medical kit packaging box with insert for healthcare","ivory paper healthcare box",,,KEEP_DISTINCT,"Distinct product title and source-backed DNA.",NO
431,"Custom Watch Box with Drawer",http://localhost/hopgiayvpn/product/custom-watch-box-with-drawer/,200,"Commercial investigation — source watch box with drawer for watch; evaluate rigid drawer box.","watch box with drawer","custom watch box with drawer","rigid drawer box","watch packaging box","watch box with drawer manufacturer","rigid drawer box for watch",,,KEEP_AS_VARIANT,"Related commercial intent with source-backed differences: structure, opening/closure, insert/support, packed product/use",NO
603,"Custom Luxury Wine Bottle Gift Box with Logo",http://localhost/hopgiayvpn/product/custom-luxury-wine-bottle-packaging-box/,200,"Commercial investigation — source luxury wine bottle gift box for wine; evaluate luxury wine bottle gift box.","luxury wine bottle gift box","wine packaging box","luxury wine bottle gift box manufacturer","luxury wine bottle gift box for wine","rigid paperboard wine box",,,,NEEDS_OWNER_REVIEW,"Search intent overlaps, but one or both source records lack enough Product DNA to prove a distinct variant.",YES
725,"CUSTOM LUXURY GIFT BOX WITH PAPER BAG",http://localhost/hopgiayvpn/product/custom-luxury-gift-box-with-paper-bag/,200,"Commercial investigation — source luxury gift box with paper bag for retail; evaluate luxury gift box with matching paper bag.","luxury gift box with paper bag","luxury gift box with matching paper bag","retail packaging box","luxury gift box with paper bag manufacturer","luxury gift box with matching paper bag for retail","rigid greyboard retail box",,,KEEP_AS_VARIANT,"Related commercial intent with source-backed differences: structure, packed product/use",NO
738,"CUSTOM MUG PACKAGING BOX WITH WINDOW",http://localhost/hopgiayvpn/product/custom-mug-packaging-box-with-window/,200,"Commercial investigation — source mug packaging box with window for drinkware; evaluate mug packaging box with window.","mug packaging box with window","drinkware packaging box","mug packaging box with window manufacturer","mug packaging box with window for drinkware","ivory paper drinkware box",,,,KEEP_DISTINCT,"Distinct product title and source-backed DNA.",YES
739,"CUSTOM PAPER TUBE FOOD PACKAGING BOX",http://localhost/hopgiayvpn/product/custom-paper-tube-food-packaging-box/,200,"Commercial investigation — source paper tube food packaging box for food; evaluate round paper tube food packaging box.","paper tube food packaging box","round paper tube food packaging box","food packaging box","paper tube food packaging box manufacturer","round paper tube food packaging box for food","kraft paper food box",,,KEEP_DISTINCT,"Distinct product title and source-backed DNA.",YES
744,"CUSTOM PHONE PACKAGING BOX",http://localhost/hopgiayvpn/product/custom-phone-packaging-box/,200,"Commercial investigation — source phone packaging box for electronics; evaluate phone packaging box with device tray.","phone packaging box","phone packaging box with device tray","electronics packaging box","phone packaging box manufacturer","phone packaging box with device tray for electronics","rigid greyboard electronics box",,,KEEP_AS_VARIANT,"Related commercial intent with source-backed differences: structure, opening/closure, insert/support, packed product/use",YES
752,"CUSTOM PILL PACKAGING BOX",http://localhost/hopgiayvpn/product/custom-pill-packaging-box/,200,"Commercial investigation — source pill packaging box for pharmaceutical; evaluate pill packaging box pharmaceutical carton.","pill packaging box","pill packaging box pharmaceutical carton","pharmaceutical packaging box","pill packaging box manufacturer","pill packaging box pharmaceutical carton for pharmaceutical","ivory paper pharmaceutical box",,,KEEP_DISTINCT,"Distinct product title and source-backed DNA.",NO
757,"CUSTOM PRINTED CORRUGATED PET FOOD BOX",http://localhost/hopgiayvpn/product/custom-printed-corrugated-pet-food-box/,200,"Commercial investigation — source printed corrugated pet food box for pet food; evaluate printed corrugated pet food box.","printed corrugated pet food box","pet food packaging box","printed corrugated pet food box manufacturer","printed corrugated pet food box for pet food","corrugated paper pet food box",,,,KEEP_AS_VARIANT,"Related commercial intent with source-backed differences: structure, opening/closure, insert/support, packed product/use",YES
762,"CUSTOM RIGID GIFT BOX",http://localhost/hopgiayvpn/product/custom-rigid-gift-box/,200,"Commercial investigation — source rigid gift box for retail; evaluate rigid gift box lid and base box.","rigid gift box","rigid gift box lid and base box","retail packaging box","rigid gift box manufacturer","rigid gift box lid and base box for retail","rigid greyboard retail box",,,KEEP_AS_VARIANT,"Related commercial intent with source-backed differences: structure, opening/closure, insert/support, packed product/use",YES
767,"CUSTOM SINGLE WINE BOTTLE GIFT BOX",http://localhost/hopgiayvpn/product/custom-single-wine-bottle-gift-box/,200,"Commercial investigation — source single wine bottle gift box for wine; evaluate single wine bottle gift box.","single wine bottle gift box","wine packaging box","single wine bottle gift box manufacturer","single wine bottle gift box for wine","rigid greyboard wine box",,,,NEEDS_OWNER_REVIEW,"Search intent overlaps, but one or both source records lack enough Product DNA to prove a distinct variant.",YES
769,"CUSTOM AMPOULE PACKAGING BOX",http://localhost/hopgiayvpn/product/custom-ampoule-packaging-box/,200,"Commercial investigation — source ampoule packaging box for skincare; evaluate ampoule packaging box with custom insert.","ampoule packaging box","ampoule packaging box with custom insert","skincare packaging box","ampoule packaging box manufacturer","ampoule packaging box with custom insert for skincare","ivory paper skincare box",,,KEEP_DISTINCT,"Distinct product title and source-backed DNA.",NO
770,"CUSTOM CHARGING CABLE PACKAGING BOX",http://localhost/hopgiayvpn/product/custom-charging-cable-packaging-box/,200,"Commercial investigation — source charging cable packaging box for electronics; evaluate charging cable retail packaging box.","charging cable packaging box","charging cable retail packaging box","electronics packaging box","charging cable packaging box manufacturer","charging cable retail packaging box for electronics","ivory paper electronics box",,,KEEP_DISTINCT,"Distinct product title and source-backed DNA.",YES
771,"CUSTOM COLORED PENCIL PACKAGING BOX",http://localhost/hopgiayvpn/product/custom-colored-pencil-packaging-box/,200,"Commercial investigation — source colored pencil packaging box for stationery; evaluate colored pencil packaging box with tray.","colored pencil packaging box","colored pencil packaging box with tray","stationery packaging box","colored pencil packaging box manufacturer","colored pencil packaging box with tray for stationery","ivory paper stationery box",,,KEEP_DISTINCT,"Distinct product title and source-backed DNA.",YES
773,"CUSTOM COSMETIC PACKAGING BOX",http://localhost/hopgiayvpn/product/custom-cosmetic-packaging-box/,200,"Commercial investigation — source cosmetic packaging box for cosmetic; evaluate cosmetic packaging box.","cosmetic packaging box","cosmetic packaging box manufacturer","cosmetic packaging box for cosmetic","ivory paper cosmetic box",,,,,KEEP_AS_VARIANT,"Related commercial intent with source-backed differences: structure, opening/closure, insert/support, packed product/use",YES
774,"CUSTOM COSMETIC PAPER BAG",http://localhost/hopgiayvpn/product/custom-cosmetic-paper-bag/,200,"Commercial investigation — source cosmetic paper bag for cosmetic; evaluate cosmetic paper bag.","cosmetic paper bag","cosmetic packaging box","cosmetic paper bag manufacturer","cosmetic paper bag for cosmetic","art paper cosmetic box",,,,KEEP_AS_VARIANT,"Related commercial intent with source-backed differences: structure, opening/closure, packed product/use",YES
775,"CUSTOM CRAYON PACKAGING BOX",http://localhost/hopgiayvpn/product/custom-crayon-packaging-box/,200,"Commercial investigation — source crayon packaging box for stationery; evaluate crayon packaging box.","crayon packaging box","stationery packaging box","crayon packaging box manufacturer","crayon packaging box for stationery","ivory paper stationery box",,,,KEEP_DISTINCT,"Distinct product title and source-backed DNA.",YES
776,"CUSTOM DINNERWARE PACKAGING BOX",http://localhost/hopgiayvpn/product/custom-dinnerware-packaging-box/,200,"Commercial investigation — source dinnerware packaging box for dinnerware; evaluate dinnerware packaging box with protective divider.","dinnerware packaging box","dinnerware packaging box with protective divider","dinnerware packaging box manufacturer","dinnerware packaging box with protective divider for dinnerware","corrugated paper dinnerware box",,,,KEEP_DISTINCT,"Distinct product title and source-backed DNA.",YES
777,"CUSTOM PHONE CASE PACKAGING BOX",http://localhost/hopgiayvpn/product/custom-phone-case-packaging-box/,200,"Commercial investigation — source phone case packaging box for electronics; evaluate phone case retail packaging box.","phone case packaging box","phone case retail packaging box","electronics packaging box","phone case packaging box manufacturer","phone case retail packaging box for electronics","ivory paper electronics box",,,KEEP_AS_VARIANT,"Related commercial intent with source-backed differences: structure, opening/closure, insert/support, packed product/use",YES
778,"CUSTOM SUPPLEMENT DRAWER PACKAGING BOX",http://localhost/hopgiayvpn/product/custom-supplement-drawer-packaging-box/,200,"Commercial investigation — source supplement drawer packaging box for supplement; evaluate supplement drawer packaging box.","supplement drawer packaging box","supplement packaging box","supplement drawer packaging box manufacturer","supplement drawer packaging box for supplement","rigid greyboard supplement box",,,,KEEP_AS_VARIANT,"Related commercial intent with source-backed differences: structure, insert/support, packed product/use",YES
779,"CUSTOM DOUBLE WINE BOTTLE GIFT BOX",http://localhost/hopgiayvpn/product/custom-double-wine-bottle-gift-box/,200,"Commercial investigation — source double wine bottle gift box for wine; evaluate double wine bottle gift box.","double wine bottle gift box","wine packaging box","double wine bottle gift box manufacturer","double wine bottle gift box for wine","rigid greyboard wine box",,,,NEEDS_OWNER_REVIEW,"Search intent overlaps, but one or both source records lack enough Product DNA to prove a distinct variant.",YES
780,"CUSTOM DRAWER GIFT BOX",http://localhost/hopgiayvpn/product/custom-drawer-gift-box/,200,"Commercial investigation — source drawer gift box for retail; evaluate drawer gift box with sliding tray.","drawer gift box","drawer gift box with sliding tray","retail packaging box","drawer gift box manufacturer","drawer gift box with sliding tray for retail","rigid greyboard retail box",,,KEEP_AS_VARIANT,"Related commercial intent with source-backed differences: structure, opening/closure, insert/support, packed product/use",NO
781,"CUSTOM FOUNTAIN PEN GIFT BOX",http://localhost/hopgiayvpn/product/custom-fountain-pen-gift-box/,200,"Commercial investigation — source fountain pen gift box for stationery; evaluate fountain pen gift box with custom tray.","fountain pen gift box","fountain pen gift box with custom tray","stationery packaging box","fountain pen gift box manufacturer","fountain pen gift box with custom tray for stationery","rigid greyboard stationery box",,,KEEP_DISTINCT,"Distinct product title and source-backed DNA.",NO
782,"CUSTOM KNIFE SET PACKAGING BOX",http://localhost/hopgiayvpn/product/custom-knife-set-packaging-box/,200,"Commercial investigation — source knife set packaging box for kitchenware; evaluate knife set packaging box with protective insert.","knife set packaging box","knife set packaging box with protective insert","kitchenware packaging box","knife set packaging box manufacturer","knife set packaging box with protective insert for kitchenware","rigid greyboard kitchenware box",,,KEEP_DISTINCT,"Distinct product title and source-backed DNA.",YES
783,"CUSTOM KRAFT PAPER BAG FOR SUPPLEMENT PACKAGING",http://localhost/hopgiayvpn/product/custom-kraft-paper-bag-for-supplement-packaging/,200,"Commercial investigation — source kraft paper bag for supplement packaging for supplement; evaluate kraft paper bag for supplement packaging.","kraft paper bag for supplement packaging","supplement packaging box","kraft paper bag for supplement packaging manufacturer","kraft paper bag for supplement packaging for supplement","brown kraft paper supplement box",,,,KEEP_DISTINCT,"Distinct product title and source-backed DNA.",YES
793,"CUSTOM PHONE PACKAGING BOX WITH PAPER BAG",http://localhost/hopgiayvpn/product/custom-phone-packaging-box-with-paper-bag/,200,"Commercial investigation — source phone packaging box with paper bag for electronics; evaluate phone packaging box with paper bag.","phone packaging box with paper bag","electronics packaging box","phone packaging box with paper bag manufacturer","phone packaging box with paper bag for electronics","rigid board electronics box",,,,KEEP_AS_VARIANT,"Related commercial intent with source-backed differences: structure, opening/closure, insert/support, packed product/use",YES
794,"CUSTOM RED PAPER SHOPPING BAG",http://localhost/hopgiayvpn/product/custom-red-paper-shopping-bag/,200,"Commercial investigation — source red paper shopping bag for fashion; evaluate red paper shopping bag.","red paper shopping bag","fashion packaging box","red paper shopping bag manufacturer","red paper shopping bag for fashion","art paper fashion box",,,,KEEP_AS_VARIANT,"Related commercial intent with source-backed differences: structure, opening/closure, packed product/use",YES
802,"CUSTOM SKINCARE GIFT BOX WITH INSERT",http://localhost/hopgiayvpn/product/custom-skincare-gift-box-with-insert/,200,"Commercial investigation — source skincare gift box with insert for beauty; evaluate skincare gift box with insert.","skincare gift box with insert","beauty packaging box","skincare gift box with insert manufacturer","skincare gift box with insert for beauty","rigid board beauty box",,,,KEEP_DISTINCT,"Distinct product title and source-backed DNA.",YES
807,"CUSTOM STATIONERY PACKAGING BOX",http://localhost/hopgiayvpn/product/custom-stationery-packaging-box/,200,"Commercial investigation — source stationery packaging box for stationery; evaluate stationery packaging box.","stationery packaging box","stationery packaging box manufacturer","stationery packaging box for stationery","ivory paper stationery box",,,,,KEEP_DISTINCT,"Distinct product title and source-backed DNA.",NO
815,"CUSTOM TABLET PACKAGING BOX",http://localhost/hopgiayvpn/product/custom-tablet-packaging-box/,200,"Commercial investigation — source tablet packaging box for pharmaceutical; evaluate tablet packaging box.","tablet packaging box","pharmaceutical packaging box","tablet packaging box manufacturer","tablet packaging box for pharmaceutical","sbs paperboard pharmaceutical box",,,,KEEP_DISTINCT,"Distinct product title and source-backed DNA.",YES
821,"CUSTOM THERMOS BOTTLE PACKAGING BOX",http://localhost/hopgiayvpn/product/custom-thermos-bottle-packaging-box/,200,"Commercial investigation — source thermos bottle packaging box for drinkware; evaluate thermos bottle packaging box.","thermos bottle packaging box","drinkware packaging box","thermos bottle packaging box manufacturer","thermos bottle packaging box for drinkware","ivory paper drinkware box",,,,KEEP_DISTINCT,"Distinct product title and source-backed DNA.",NO
829,"Custom Vial Boxes for Glass Vials, Ampoules and Lab Samples",http://localhost/hopgiayvpn/product/custom-vial-packaging-box/,200,"Commercial investigation — source custom vial boxes for pharmaceutical; evaluate vial packaging box.","custom vial boxes","vial packaging box","pharmaceutical packaging box","custom vial boxes manufacturer","vial packaging box for pharmaceutical","ivory paper pharmaceutical box",,,KEEP_DISTINCT,"Distinct product title and source-backed DNA.",YES
835,"CUSTOM WINE BOTTLE GIFT BOX WITH PAPER BAG",http://localhost/hopgiayvpn/product/custom-wine-bottle-gift-box-with-paper-bag/,200,"Commercial investigation — source wine bottle gift box with paper bag for wine; evaluate wine bottle gift box with paper bag.","wine bottle gift box with paper bag","wine packaging box","wine bottle gift box with paper bag manufacturer","wine bottle gift box with paper bag for wine","rigid board wine box",,,,NEEDS_OWNER_REVIEW,"Search intent overlaps, but one or both source records lack enough Product DNA to prove a distinct variant.",YES
840,"CUSTOM WINE BOTTLE PACKAGING BOX",http://localhost/hopgiayvpn/product/custom-wine-bottle-packaging-box/,200,"Commercial investigation — source wine bottle packaging box for wine; evaluate wine bottle packaging box.","wine bottle packaging box","wine packaging box","wine bottle packaging box manufacturer","wine bottle packaging box for wine","rigid board wine box",,,,NEEDS_OWNER_REVIEW,"Search intent overlaps, but one or both source records lack enough Product DNA to prove a distinct variant.",YES
860,"CUSTOM SHOE PACKAGING BOX",http://localhost/hopgiayvpn/product/custom-shoe-packaging-box/,200,"Commercial investigation — source shoe packaging box for footwear; evaluate shoe packaging box.","shoe packaging box","footwear packaging box","shoe packaging box manufacturer","shoe packaging box for footwear","duplex board footwear box",,,,KEEP_AS_VARIANT,"Related commercial intent with source-backed differences: structure, opening/closure, insert/support, packed product/use",NO
865,"CUSTOM BELT PACKAGING BOX",http://localhost/hopgiayvpn/product/custom-belt-packaging-box/,200,"Commercial investigation — source belt packaging box for fashion accessories; evaluate belt packaging box.","belt packaging box","fashion accessories packaging box","belt packaging box manufacturer","belt packaging box for fashion accessories","rigid board fashion accessories box",,,,KEEP_DISTINCT,"Distinct product title and source-backed DNA.",NO
869,"CUSTOM MEN UNDERWEAR PACKAGING BOX",http://localhost/hopgiayvpn/product/custom-men-underwear-packaging-box/,200,"Commercial investigation — source men underwear packaging box for underwear; evaluate men underwear packaging box.","men underwear packaging box","underwear packaging box","men underwear packaging box manufacturer","men underwear packaging box for underwear","ivory board underwear box",,,,KEEP_DISTINCT,"Distinct product title and source-backed DNA.",NO
872,"CUSTOM SPORTSWEAR PACKAGING BOX",http://localhost/hopgiayvpn/product/custom-sportswear-packaging-box/,200,"Commercial investigation — source sportswear packaging box for sportswear; evaluate sportswear packaging box.","sportswear packaging box","sportswear packaging box manufacturer","sportswear packaging box for sportswear","ivory board sportswear box",,,,,KEEP_DISTINCT,"Distinct product title and source-backed DNA.",NO
876,"CUSTOM T-SHIRT PACKAGING BOX",http://localhost/hopgiayvpn/product/custom-t-shirt-packaging-box/,200,"Commercial investigation — source t shirt packaging box for t-shirt; evaluate t shirt packaging box.","t shirt packaging box","t shirt packaging box manufacturer","t shirt packaging box for t shirt","ivory board t shirt box",,,,,KEEP_DISTINCT,"Distinct product title and source-backed DNA.",NO
881,"CUSTOM WALLET PACKAGING BOX",http://localhost/hopgiayvpn/product/custom-wallet-packaging-box/,200,"Commercial investigation — source wallet packaging box for wallet; evaluate wallet packaging box.","wallet packaging box","wallet packaging box manufacturer","wallet packaging box for wallet","rigid board wallet box",,,,,KEEP_AS_VARIANT,"Related commercial intent with source-backed differences: structure, opening/closure, insert/support, packed product/use",NO
939,"CUSTOM SPORTS SHOE PACKAGING BOX",http://localhost/hopgiayvpn/product/custom-sports-shoe-packaging-box/,200,"Commercial investigation — source sports shoe packaging box for sports footwear; evaluate sports shoe packaging box.","sports shoe packaging box","sports footwear packaging box","sports shoe packaging box manufacturer","sports shoe packaging box for sports footwear","duplex board sports footwear box",,,,KEEP_AS_VARIANT,"Related commercial intent with source-backed differences: structure, opening/closure, insert/support, packed product/use",YES
944,"PREMIUM PICKLEBALL SET RIGID PAPER BOX",http://localhost/hopgiayvpn/product/premium-pickleball-set-rigid-paper-box/,200,"Commercial investigation — source pickleball set packaging box for pickleball; evaluate pickleball set rigid paper box.","pickleball set packaging box","pickleball set rigid paper box","pickleball packaging box","pickleball set packaging box manufacturer","pickleball set rigid paper box for pickleball","rigid greyboard pickleball box",,,KEEP_DISTINCT,"Distinct product title and source-backed DNA.",YES
949,"CUSTOM KNEE SUPPORT PACKAGING BOX",http://localhost/hopgiayvpn/product/custom-knee-support-packaging-box/,200,"Commercial investigation — source knee support packaging box for sports supports; evaluate knee support packaging box.","knee support packaging box","sports supports packaging box","knee support packaging box manufacturer","knee support packaging box for sports supports","ivory board sports supports box",,,,KEEP_DISTINCT,"Distinct product title and source-backed DNA.",YES
956,"CUSTOM SPORTS UNDERWEAR PACKAGING BOX",http://localhost/hopgiayvpn/product/custom-sports-underwear-packaging-box/,200,"Commercial investigation — source sports underwear packaging box for sports underwear; evaluate sports underwear packaging box.","sports underwear packaging box","sports underwear packaging box manufacturer","sports underwear packaging box for sports underwear","ivory board sports underwear box",,,,,KEEP_DISTINCT,"Distinct product title and source-backed DNA.",YES
981,"CUSTOM PAPER EGG PACKAGING BOXES",http://localhost/hopgiayvpn/product/custom-paper-egg-packaging-boxes/,200,"Commercial investigation — source custom paper egg packaging boxes for fresh eggs; evaluate egg carton hinged egg box window box tray with outer paper box.","custom paper egg packaging boxes","egg carton hinged egg box window box tray with outer paper box","fresh eggs packaging box","custom paper egg packaging boxes manufacturer","egg carton hinged egg box window box tray with outer paper box for fresh eggs","kraft paperboard fresh eggs box",,,KEEP_DISTINCT,"Distinct product title and source-backed DNA.",YES
1023,"CUSTOM BLUE BIRD NEST DRAWER GIFT BOX",http://localhost/hopgiayvpn/product/custom-blue-bird-nest-drawer-gift-box/,200,"Commercial investigation — source blue bird nest drawer gift box for bird nest; evaluate blue bird nest drawer gift box.","blue bird nest drawer gift box","bird nest packaging box","blue bird nest drawer gift box manufacturer","blue bird nest drawer gift box for bird nest","rigid greyboard bird nest box",,,,KEEP_DISTINCT,"Distinct product title and source-backed DNA.",NO
1024,"CUSTOM GREEN BIRD NEST GIFT BOX WITH HANDLE",http://localhost/hopgiayvpn/product/custom-green-bird-nest-gift-box-with-handle/,200,"Commercial investigation — source green bird nest gift box with handle for bird nest; evaluate green bird nest gift box with handle.","green bird nest gift box with handle","bird nest packaging box","green bird nest gift box with handle manufacturer","green bird nest gift box with handle for bird nest","rigid board bird nest box",,,,KEEP_AS_VARIANT,"Related commercial intent with source-backed differences: structure, opening/closure, insert/support",NO
1025,"CUSTOM GREEN BIRD NEST CABINET GIFT BOX",http://localhost/hopgiayvpn/product/custom-green-bird-nest-cabinet-gift-box/,200,"Commercial investigation — source green bird nest cabinet gift box for bird nest; evaluate green bird nest cabinet gift box.","green bird nest cabinet gift box","bird nest packaging box","green bird nest cabinet gift box manufacturer","green bird nest cabinet gift box for bird nest","rigid greyboard bird nest box",,,,KEEP_AS_VARIANT,"Related commercial intent with source-backed differences: structure, opening/closure, insert/support",NO
1026,"CUSTOM GREEN BIRD NEST COMPARTMENT GIFT BOX",http://localhost/hopgiayvpn/product/custom-green-bird-nest-compartment-gift-box/,200,"Commercial investigation — source green bird nest compartment gift box for bird nest; evaluate green bird nest compartment gift box.","green bird nest compartment gift box","bird nest packaging box","green bird nest compartment gift box manufacturer","green bird nest compartment gift box for bird nest","rigid board bird nest box",,,,KEEP_AS_VARIANT,"Related commercial intent with source-backed differences: structure, opening/closure, insert/support",NO
1027,"KRAFT CORRUGATED MAILER BOX",http://localhost/hopgiayvpn/product/kraft-corrugated-mailer-box/,200,"Commercial investigation — source kraft corrugated mailer box for e-commerce; evaluate corrugated mailer box.","kraft corrugated mailer box","corrugated mailer box","e commerce packaging box","kraft corrugated mailer box manufacturer","corrugated mailer box for e commerce","kraft corrugated paper e commerce box",,,KEEP_AS_VARIANT,"Related commercial intent with source-backed differences: structure, insert/support, packed product/use",YES
1168,"CUSTOM CANDLE SHIPPING MAILER BOX WITH CORRUGATED INSERT",http://localhost/hopgiayvpn/product/custom-candle-shipping-mailer-box-with-corrugated-insert/,200,"Commercial investigation — source candle shipping mailer box for candles; evaluate candle shipping mailer box.","candle shipping mailer box","candles packaging box","candle shipping mailer box manufacturer","candle shipping mailer box for candles","kraft corrugated board candles box",,,,KEEP_AS_VARIANT,"Related commercial intent with source-backed differences: structure, insert/support, packed product/use",NO
1169,"CUSTOM TWO-PIECE CANDLE GIFT BOX WITH LID AND BASE",http://localhost/hopgiayvpn/product/custom-two-piece-candle-gift-box-with-lid-and-base/,200,"Commercial investigation — source two piece candle gift box for candles; evaluate two piece candle gift box.","two piece candle gift box","candles packaging box","two piece candle gift box manufacturer","two piece candle gift box for candles","rigid greyboard candles box",,,,KEEP_DISTINCT,"Distinct product title and source-backed DNA.",YES
1170,"CUSTOM WINDOW CANDLE BOX FOR TUMBLER CANDLES",http://localhost/hopgiayvpn/product/custom-window-candle-box-for-tumbler-candles/,200,"Commercial investigation — source window candle box for candles; evaluate window candle box.","window candle box","candles packaging box","window candle box manufacturer","window candle box for candles","ivory board candles box",,,,KEEP_DISTINCT,"Distinct product title and source-backed DNA.",NO
1215,"CUSTOM CANDLE PAPER TUBE BOX",http://localhost/hopgiayvpn/product/custom-candle-paper-tube-box/,200,"Commercial investigation — source candle paper tube box for candle; evaluate candle paper tube box.","candle paper tube box","candle packaging box","candle paper tube box manufacturer","candle paper tube box for candle","rigid paper tube board candle box",,,,KEEP_DISTINCT,"Distinct product title and source-backed DNA.",NO
1220,"CUSTOM COFFEE PAPER TUBE PACKAGING",http://localhost/hopgiayvpn/product/custom-coffee-paper-tube-packaging/,200,"Commercial investigation — source coffee paper tube packaging for coffee; evaluate coffee paper tube packaging.","coffee paper tube packaging","coffee packaging box","coffee paper tube packaging manufacturer","coffee paper tube packaging for coffee","kraft paper tube board coffee box",,,,KEEP_DISTINCT,"Distinct product title and source-backed DNA.",NO
1225,"CUSTOM TEA PAPER TUBE PACKAGING",http://localhost/hopgiayvpn/product/custom-tea-paper-tube-packaging/,200,"Commercial investigation — source tea paper tube packaging for tea; evaluate tea paper tube packaging.","tea paper tube packaging","tea packaging box","tea paper tube packaging manufacturer","tea paper tube packaging for tea","rigid paper tube board tea box",,,,KEEP_DISTINCT,"Distinct product title and source-backed DNA.",NO
1230,"CUSTOM FITNESS ACCESSORY GIFT BOX",http://localhost/hopgiayvpn/product/custom-fitness-accessory-gift-box/,200,"Commercial investigation — source fitness accessory gift box for fitness accessories; evaluate fitness accessory gift box.","fitness accessory gift box","fitness accessories packaging box","fitness accessory gift box manufacturer","fitness accessory gift box for fitness accessories","rigid greyboard fitness accessories box",,,,KEEP_DISTINCT,"Distinct product title and source-backed DNA.",NO
1235,"CUSTOM GOLF BALL PACKAGING BOX",http://localhost/hopgiayvpn/product/custom-golf-ball-packaging-box/,200,"Commercial investigation — source golf ball packaging box for golf; evaluate golf ball packaging box.","golf ball packaging box","golf packaging box","golf ball packaging box manufacturer","golf ball packaging box for golf","ivory board golf box",,,,KEEP_DISTINCT,"Distinct product title and source-backed DNA.",NO
1240,"CUSTOM RESISTANCE BAND PACKAGING BOX",http://localhost/hopgiayvpn/product/custom-resistance-band-packaging-box/,200,"Commercial investigation — source resistance band packaging box for fitness accessories; evaluate resistance band packaging box.","resistance band packaging box","fitness accessories packaging box","resistance band packaging box manufacturer","resistance band packaging box for fitness accessories","ivory board fitness accessories box",,,,KEEP_DISTINCT,"Distinct product title and source-backed DNA.",NO
1245,"CUSTOM YOGA MAT PACKAGING BOX",http://localhost/hopgiayvpn/product/custom-yoga-mat-packaging-box/,200,"Commercial investigation — source yoga mat packaging box for yoga; evaluate yoga mat packaging box.","yoga mat packaging box","yoga packaging box","yoga mat packaging box manufacturer","yoga mat packaging box for yoga","corrugated board yoga box",,,,KEEP_DISTINCT,"Distinct product title and source-backed DNA.",NO
1276,"CUSTOM BRACELET PACKAGING BOX WITH PILLOW INSERT",http://localhost/hopgiayvpn/product/custom-bracelet-packaging-box-with-pillow-insert/,200,"Commercial investigation — source bracelet packaging box for jewelry; evaluate bracelet packaging box.","bracelet packaging box","jewelry packaging box","bracelet packaging box manufacturer","bracelet packaging box for jewelry","rigid greyboard jewelry box",,,,KEEP_AS_VARIANT,"Related commercial intent with source-backed differences: structure, insert/support, packed product/use",YES
1281,"CUSTOM EARRING BOX WITH FOAM INSERT",http://localhost/hopgiayvpn/product/custom-earring-box-with-foam-insert/,200,"Commercial investigation — source earring box with foam insert for jewelry; evaluate earring box with foam insert.","earring box with foam insert","jewelry packaging box","earring box with foam insert manufacturer","earring box with foam insert for jewelry","rigid greyboard jewelry box",,,,KEEP_DISTINCT,"Distinct product title and source-backed DNA.",YES
1286,"CUSTOM NECKLACE PAPER BOX WITH LOGO",http://localhost/hopgiayvpn/product/custom-necklace-paper-box-with-logo/,200,"Commercial investigation — source necklace paper box for jewelry; evaluate necklace paper box.","necklace paper box","jewelry packaging box","necklace paper box manufacturer","necklace paper box for jewelry","rigid greyboard jewelry box",,,,KEEP_AS_VARIANT,"Related commercial intent with source-backed differences: structure, insert/support, packed product/use",YES
1291,"CUSTOM RING BOX WITH VELVET INSERT",http://localhost/hopgiayvpn/product/custom-ring-box-with-velvet-insert/,200,"Commercial investigation — source ring box with velvet insert for jewelry; evaluate ring box with velvet insert.","ring box with velvet insert","jewelry packaging box","ring box with velvet insert manufacturer","ring box with velvet insert for jewelry","rigid greyboard jewelry box",,,,KEEP_DISTINCT,"Distinct product title and source-backed DNA.",YES
1412,"CUSTOM SERUM PACKAGING BOX",http://localhost/hopgiayvpn/product/custom-serum-packaging-box/,200,"Commercial investigation — source serum packaging box for skincare; evaluate serum packaging box.","serum packaging box","skincare packaging box","serum packaging box manufacturer","serum packaging box for skincare","sbs paperboard skincare box",,,,KEEP_DISTINCT,"Distinct product title and source-backed DNA.",NO
1413,"CUSTOM CREAM JAR PACKAGING BOX",http://localhost/hopgiayvpn/product/custom-cream-jar-packaging-box/,200,"Commercial investigation — source cream jar packaging box for skincare; evaluate cream jar packaging box.","cream jar packaging box","skincare packaging box","cream jar packaging box manufacturer","cream jar packaging box for skincare","rigid greyboard skincare box",,,,KEEP_DISTINCT,"Distinct product title and source-backed DNA.",NO
1414,"CUSTOM LOTION BOTTLE PACKAGING BOX",http://localhost/hopgiayvpn/product/custom-lotion-bottle-packaging-box/,200,"Commercial investigation — source lotion bottle packaging box for skincare; evaluate lotion bottle packaging box.","lotion bottle packaging box","skincare packaging box","lotion bottle packaging box manufacturer","lotion bottle packaging box for skincare","sbs paperboard skincare box",,,,KEEP_DISTINCT,"Distinct product title and source-backed DNA.",NO
1415,"CUSTOM FACIAL MASK PACKAGING BOX",http://localhost/hopgiayvpn/product/custom-facial-mask-packaging-box/,200,"Commercial investigation — source facial mask packaging box for skincare; evaluate facial mask packaging box.","facial mask packaging box","skincare packaging box","facial mask packaging box manufacturer","facial mask packaging box for skincare","ivory board skincare box",,,,KEEP_DISTINCT,"Distinct product title and source-backed DNA.",NO
1416,"CUSTOM SUNSCREEN PACKAGING BOX",http://localhost/hopgiayvpn/product/custom-sunscreen-packaging-box/,200,"Commercial investigation — source sunscreen packaging box for skincare; evaluate sunscreen packaging box.","sunscreen packaging box","skincare packaging box","sunscreen packaging box manufacturer","sunscreen packaging box for skincare","sbs paperboard skincare box",,,,KEEP_DISTINCT,"Distinct product title and source-backed DNA.",NO
1417,"CUSTOM TONER PACKAGING BOX",http://localhost/hopgiayvpn/product/custom-toner-packaging-box/,200,"Commercial investigation — source toner packaging box for skincare; evaluate toner packaging box.","toner packaging box","skincare packaging box","toner packaging box manufacturer","toner packaging box for skincare","ivory board skincare box",,,,KEEP_DISTINCT,"Distinct product title and source-backed DNA.",NO
1418,"CUSTOM CLEANSER PACKAGING BOX",http://localhost/hopgiayvpn/product/custom-cleanser-packaging-box/,200,"Commercial investigation — source cleanser packaging box for skincare; evaluate cleanser packaging box.","cleanser packaging box","skincare packaging box","cleanser packaging box manufacturer","cleanser packaging box for skincare","sbs paperboard skincare box",,,,KEEP_DISTINCT,"Distinct product title and source-backed DNA.",NO
1419,"CUSTOM EYE CREAM PACKAGING BOX",http://localhost/hopgiayvpn/product/custom-eye-cream-packaging-box/,200,"Commercial investigation — source eye cream packaging box for skincare; evaluate eye cream packaging box.","eye cream packaging box","skincare packaging box","eye cream packaging box manufacturer","eye cream packaging box for skincare","rigid greyboard skincare box",,,,KEEP_DISTINCT,"Distinct product title and source-backed DNA.",NO
1420,"CUSTOM SKINCARE SET PACKAGING BOX",http://localhost/hopgiayvpn/product/custom-skincare-set-packaging-box/,200,"Commercial investigation — source skincare set packaging box for skincare; evaluate skincare set packaging box.","skincare set packaging box","skincare packaging box","skincare set packaging box manufacturer","skincare set packaging box for skincare","rigid greyboard skincare box",,,,KEEP_DISTINCT,"Distinct product title and source-backed DNA.",NO
1421,"CUSTOM LIP BALM PACKAGING BOX",http://localhost/hopgiayvpn/product/custom-lip-balm-packaging-box/,200,"Commercial investigation — source lip balm packaging box for lip care; evaluate lip balm packaging box.","lip balm packaging box","lip care packaging box","lip balm packaging box manufacturer","lip balm packaging box for lip care","sbs paperboard lip care box",,,,KEEP_DISTINCT,"Distinct product title and source-backed DNA.",NO
1473,"Custom Perfume Magnetic Closure Box",http://localhost/hopgiayvpn/product/custom-perfume-magnetic-closure-box/,200,"Commercial investigation — source perfume magnetic closure box for perfume; evaluate perfume magnetic closure box.","perfume magnetic closure box","perfume packaging box","perfume magnetic closure box manufacturer","perfume magnetic closure box for perfume","rigid greyboard perfume box",,,,KEEP_AS_VARIANT,"Related commercial intent with source-backed differences: structure, opening/closure, insert/support, packed product/use",YES
1474,"Custom Skincare Magnetic Closure Box",http://localhost/hopgiayvpn/product/custom-skincare-magnetic-closure-box/,200,"Commercial investigation — source skincare magnetic closure box for skincare; evaluate skincare magnetic closure box.","skincare magnetic closure box","skincare packaging box","skincare magnetic closure box manufacturer","skincare magnetic closure box for skincare","rigid greyboard skincare box",,,,KEEP_AS_VARIANT,"Related commercial intent with source-backed differences: structure, opening/closure, insert/support, packed product/use",YES
1475,"Custom Jewelry Magnetic Closure Box",http://localhost/hopgiayvpn/product/custom-jewelry-magnetic-closure-box/,200,"Commercial investigation — source jewelry magnetic closure box for jewelry; evaluate jewelry magnetic closure box.","jewelry magnetic closure box","jewelry packaging box","jewelry magnetic closure box manufacturer","jewelry magnetic closure box for jewelry","rigid greyboard jewelry box",,,,KEEP_AS_VARIANT,"Related commercial intent with source-backed differences: structure, opening/closure, insert/support, packed product/use",YES
1476,"Custom Watch Magnetic Presentation Box",http://localhost/hopgiayvpn/product/custom-watch-magnetic-presentation-box/,200,"Commercial investigation — source watch magnetic presentation box for watch; evaluate watch magnetic presentation box.","watch magnetic presentation box","watch packaging box","watch magnetic presentation box manufacturer","watch magnetic presentation box for watch","rigid greyboard watch box",,,,KEEP_DISTINCT,"Distinct product title and source-backed DNA.",YES
1477,"Custom Electronics Magnetic Closure Box",http://localhost/hopgiayvpn/product/custom-electronics-magnetic-closure-box/,200,"Commercial investigation — source electronics magnetic closure box for electronics; evaluate electronics magnetic closure box.","electronics magnetic closure box","electronics packaging box","electronics magnetic closure box manufacturer","electronics magnetic closure box for electronics","rigid greyboard electronics box",,,,KEEP_AS_VARIANT,"Related commercial intent with source-backed differences: structure, opening/closure, insert/support, packed product/use",YES
1478,"Custom Candle Magnetic Gift Box",http://localhost/hopgiayvpn/product/custom-candle-magnetic-gift-box/,200,"Commercial investigation — source candle magnetic gift box for candle; evaluate candle magnetic gift box.","candle magnetic gift box","candle packaging box","candle magnetic gift box manufacturer","candle magnetic gift box for candle","rigid greyboard candle box",,,,KEEP_AS_VARIANT,"Related commercial intent with source-backed differences: structure, opening/closure, insert/support, packed product/use",YES
1479,"Custom Chocolate Magnetic Closure Box",http://localhost/hopgiayvpn/product/custom-chocolate-magnetic-closure-box/,200,"Commercial investigation — source chocolate magnetic closure box for chocolate; evaluate chocolate magnetic closure box.","chocolate magnetic closure box","chocolate packaging box","chocolate magnetic closure box manufacturer","chocolate magnetic closure box for chocolate","rigid greyboard chocolate box",,,,KEEP_AS_VARIANT,"Related commercial intent with source-backed differences: structure, opening/closure, insert/support, packed product/use",YES
1480,"Custom Apparel Magnetic Gift Box",http://localhost/hopgiayvpn/product/custom-apparel-magnetic-gift-box/,200,"Commercial investigation — source apparel magnetic gift box for apparel; evaluate apparel magnetic gift box.","apparel magnetic gift box","apparel packaging box","apparel magnetic gift box manufacturer","apparel magnetic gift box for apparel","rigid greyboard apparel box",,,,KEEP_AS_VARIANT,"Related commercial intent with source-backed differences: structure, opening/closure, insert/support, packed product/use",YES
1481,"Custom Corporate PR Kit Magnetic Box",http://localhost/hopgiayvpn/product/custom-corporate-pr-kit-magnetic-box/,200,"Commercial investigation — source corporate pr kit magnetic box for corporate gift; evaluate corporate pr kit magnetic box.","corporate pr kit magnetic box","corporate gift packaging box","corporate pr kit magnetic box manufacturer","corporate pr kit magnetic box for corporate gift","rigid greyboard corporate gift box",,,,KEEP_DISTINCT,"Distinct product title and source-backed DNA.",YES
1482,"Custom Wine Magnetic Gift Box",http://localhost/hopgiayvpn/product/custom-wine-magnetic-gift-box/,200,"Commercial investigation — source wine magnetic gift box for wine; evaluate wine magnetic gift box.","wine magnetic gift box","wine packaging box","wine magnetic gift box manufacturer","wine magnetic gift box for wine","rigid greyboard wine box",,,,KEEP_AS_VARIANT,"Related commercial intent with source-backed differences: structure, opening/closure, insert/support, packed product/use",YES
5557,"CUSTOM PERFUME AND LOTION GIFT SET BOX",http://localhost/hopgiayvpn/product/custom-perfume-and-lotion-gift-set-box/,200,"Commercial investigation — source perfume and lotion gift set box for perfume; evaluate perfume and lotion gift set box.","perfume and lotion gift set box","perfume packaging box","perfume and lotion gift set box manufacturer","perfume and lotion gift set box for perfume","rigid greyboard perfume box",,,,KEEP_AS_VARIANT,"Related commercial intent with source-backed differences: structure, opening/closure, insert/support, packed product/use",YES
5581,"CUSTOM PERFUME BOX WITH PAPER INSERT",http://localhost/hopgiayvpn/product/custom-perfume-box-with-paper-insert/,200,"Commercial investigation — source perfume box with paper insert for perfume; evaluate perfume box with paper insert.","perfume box with paper insert","perfume packaging box","perfume box with paper insert manufacturer","perfume box with paper insert for perfume","sbs paperboard perfume box",,,,KEEP_AS_VARIANT,"Related commercial intent with source-backed differences: structure, opening/closure, insert/support, packed product/use",YES
5609,"CUSTOM PERFUME DRAWER BOX WITH INSERT",http://localhost/hopgiayvpn/product/custom-perfume-drawer-box-with-insert/,200,"Commercial investigation — source perfume drawer box with insert for perfume; evaluate perfume drawer box with insert.","perfume drawer box with insert","perfume packaging box","perfume drawer box with insert manufacturer","perfume drawer box with insert for perfume","rigid greyboard perfume box",,,,KEEP_AS_VARIANT,"Related commercial intent with source-backed differences: structure, opening/closure, insert/support, packed product/use",YES
5635,"CUSTOM PERFUME SAMPLE SET BOX",http://localhost/hopgiayvpn/product/custom-perfume-sample-set-box/,200,"Commercial investigation — source perfume sample set box for perfume samples; evaluate perfume sample set box.","perfume sample set box","perfume samples packaging box","perfume sample set box manufacturer","perfume sample set box for perfume samples","rigid greyboard perfume samples box",,,,KEEP_AS_VARIANT,"Related commercial intent with source-backed differences: structure, opening/closure, insert/support, packed product/use",YES
5661,"CUSTOM REFILLABLE PERFUME PACKAGING BOX",http://localhost/hopgiayvpn/product/custom-refillable-perfume-packaging-box/,200,"Commercial investigation — source refillable perfume packaging box for refillable perfume; evaluate refillable perfume packaging box.","refillable perfume packaging box","refillable perfume packaging box manufacturer","refillable perfume packaging box for refillable perfume","kraft paperboard refillable perfume box",,,,,KEEP_DISTINCT,"Distinct product title and source-backed DNA.",YES
5685,"CUSTOM FOLDING CARTON PERFUME BOX",http://localhost/hopgiayvpn/product/custom-folding-carton-perfume-box/,200,"Commercial investigation — source folding carton perfume box for perfume; evaluate folding carton perfume box.","folding carton perfume box","perfume packaging box","folding carton perfume box manufacturer","folding carton perfume box for perfume","sbs paperboard perfume box",,,,KEEP_DISTINCT,"Distinct product title and source-backed DNA.",YES
5709,"CUSTOM LUXURY PERFUME BOX WITH MAGNETIC CLOSURE",http://localhost/hopgiayvpn/product/custom-luxury-perfume-box-with-magnetic-closure/,200,"Commercial investigation — source luxury perfume box with magnetic closure for perfume; evaluate luxury perfume magnetic closure box.","luxury perfume box with magnetic closure","luxury perfume magnetic closure box","perfume packaging box","luxury perfume box with magnetic closure manufacturer","luxury perfume magnetic closure box for perfume","rigid greyboard perfume box",,,KEEP_AS_VARIANT,"Related commercial intent with source-backed differences: structure, opening/closure, insert/support, packed product/use",YES
5735,"CUSTOM MINI PERFUME BOTTLE PACKAGING BOX",http://localhost/hopgiayvpn/product/custom-mini-perfume-bottle-packaging-box/,200,"Commercial investigation — source mini perfume bottle packaging box for mini perfume; evaluate mini perfume bottle packaging box.","mini perfume bottle packaging box","mini perfume packaging box","mini perfume bottle packaging box manufacturer","mini perfume bottle packaging box for mini perfume","sbs paperboard mini perfume box",,,,KEEP_DISTINCT,"Distinct product title and source-backed DNA.",YES
5757,"CUSTOM PERFUME BOX WITH EVA FOAM INSERT",http://localhost/hopgiayvpn/product/custom-perfume-box-with-eva-foam-insert/,200,"Commercial investigation — source perfume box with eva foam insert for perfume; evaluate perfume box with eva foam insert.","perfume box with eva foam insert","perfume packaging box","perfume box with eva foam insert manufacturer","perfume box with eva foam insert for perfume","rigid greyboard perfume box",,,,KEEP_AS_VARIANT,"Related commercial intent with source-backed differences: structure, opening/closure, insert/support, packed product/use",YES
5779,"CUSTOM PERFUME BOX WITH LID AND BASE",http://localhost/hopgiayvpn/product/custom-perfume-box-with-lid-and-base/,200,"Commercial investigation — source perfume box with lid and base for perfume; evaluate perfume box with lid and base.","perfume box with lid and base","perfume packaging box","perfume box with lid and base manufacturer","perfume box with lid and base for perfume","rigid greyboard perfume box",,,,KEEP_DISTINCT,"Distinct product title and source-backed DNA.",YES
5803,"CUSTOM CORRUGATED APPAREL MAILER BOX",http://localhost/hopgiayvpn/product/custom-corrugated-apparel-mailer-box/,200,"Commercial investigation — source corrugated apparel mailer box for apparel; evaluate corrugated apparel mailer box.","corrugated apparel mailer box","apparel packaging box","corrugated apparel mailer box manufacturer","corrugated apparel mailer box for apparel","kraft corrugated board apparel box",,,,KEEP_AS_VARIANT,"Related commercial intent with source-backed differences: structure, opening/closure, insert/support, packed product/use",YES
5824,"CUSTOM CORRUGATED BOOK MAILER BOX",http://localhost/hopgiayvpn/product/custom-corrugated-book-mailer-box/,200,"Commercial investigation — source corrugated book mailer box for books; evaluate corrugated book mailer box.","corrugated book mailer box","books packaging box","corrugated book mailer box manufacturer","corrugated book mailer box for books","kraft corrugated board books box",,,,KEEP_AS_VARIANT,"Related commercial intent with source-backed differences: structure, opening/closure, insert/support, packed product/use",YES
5849,"CUSTOM CORRUGATED BOTTLE SHIPPING BOX WITH DIVIDERS",http://localhost/hopgiayvpn/product/custom-corrugated-bottle-shipping-box-with-dividers/,200,"Commercial investigation — source corrugated bottle shipping box with dividers for beverage; evaluate corrugated bottle shipping box with dividers.","corrugated bottle shipping box with dividers","beverage packaging box","corrugated bottle shipping box with dividers manufacturer","corrugated bottle shipping box with dividers for beverage","kraft corrugated board beverage box",,,,KEEP_DISTINCT,"Distinct product title and source-backed DNA.",YES
5873,"CUSTOM CORRUGATED CANDLE SHIPPING BOX",http://localhost/hopgiayvpn/product/custom-corrugated-candle-shipping-box/,200,"Commercial investigation — source corrugated candle shipping box for candles; evaluate corrugated candle shipping box.","corrugated candle shipping box","candles packaging box","corrugated candle shipping box manufacturer","corrugated candle shipping box for candles","kraft corrugated board candles box",,,,KEEP_AS_VARIANT,"Related commercial intent with source-backed differences: structure, insert/support, packed product/use",YES
5897,"CUSTOM CORRUGATED COSMETIC MAILER BOX",http://localhost/hopgiayvpn/product/custom-corrugated-cosmetic-mailer-box/,200,"Commercial investigation — source corrugated cosmetic mailer box for cosmetics; evaluate corrugated cosmetic mailer box.","corrugated cosmetic mailer box","cosmetics packaging box","corrugated cosmetic mailer box manufacturer","corrugated cosmetic mailer box for cosmetics","white corrugated board cosmetics box",,,,KEEP_AS_VARIANT,"Related commercial intent with source-backed differences: structure, opening/closure, insert/support, packed product/use",YES
5924,"CUSTOM CORRUGATED ELECTRONICS MAILER BOX",http://localhost/hopgiayvpn/product/custom-corrugated-electronics-mailer-box/,200,"Commercial investigation — source corrugated electronics mailer box for electronics accessories; evaluate corrugated electronics mailer box.","corrugated electronics mailer box","electronics accessories packaging box","corrugated electronics mailer box manufacturer","corrugated electronics mailer box for electronics accessories","white e flute electronics accessories box",,,,KEEP_AS_VARIANT,"Related commercial intent with source-backed differences: structure, opening/closure, insert/support, packed product/use",YES
5952,"CUSTOM CORRUGATED FOOD DELIVERY BOX",http://localhost/hopgiayvpn/product/custom-corrugated-food-delivery-box/,200,"Commercial investigation — source corrugated food delivery box for food delivery; evaluate corrugated food delivery box.","corrugated food delivery box","food delivery packaging box","corrugated food delivery box manufacturer","corrugated food delivery box for food delivery","kraft corrugated board food delivery box",,,,KEEP_DISTINCT,"Distinct product title and source-backed DNA.",YES
5972,"CUSTOM CORRUGATED GIFT SET MAILER BOX",http://localhost/hopgiayvpn/product/custom-corrugated-gift-set-mailer-box/,200,"Commercial investigation — source corrugated gift set mailer box for corporate gifts; evaluate corrugated gift set mailer box.","corrugated gift set mailer box","corporate gifts packaging box","corrugated gift set mailer box manufacturer","corrugated gift set mailer box for corporate gifts","white corrugated board corporate gifts box",,,,KEEP_AS_VARIANT,"Related commercial intent with source-backed differences: structure, opening/closure, insert/support, packed product/use",YES
6000,"CUSTOM CORRUGATED SHOE MAILER BOX",http://localhost/hopgiayvpn/product/custom-corrugated-shoe-mailer-box/,200,"Commercial investigation — source corrugated shoe mailer box for footwear; evaluate corrugated shoe mailer box.","corrugated shoe mailer box","footwear packaging box","corrugated shoe mailer box manufacturer","corrugated shoe mailer box for footwear","kraft corrugated board footwear box",,,,KEEP_AS_VARIANT,"Related commercial intent with source-backed differences: structure, opening/closure, insert/support, packed product/use",YES
6024,"CUSTOM CORRUGATED SUBSCRIPTION BOX",http://localhost/hopgiayvpn/product/custom-corrugated-subscription-box/,200,"Commercial investigation — source corrugated subscription box for subscription box; evaluate corrugated subscription box.","corrugated subscription box","subscription box packaging box","corrugated subscription box manufacturer","corrugated subscription box for subscription box","white corrugated board subscription box box",,,,KEEP_DISTINCT,"Distinct product title and source-backed DNA.",YES
7081,"BOARD GAME PACKAGING BOX",http://localhost/hopgiayvpn/product/board-game-packaging-box/,200,"Commercial investigation — source board game packaging box for toys; evaluate rigid board game lid and base box.","board game packaging box","rigid board game lid and base box","toys packaging box","board game packaging box manufacturer","rigid board game lid and base box for toys","sbs paperboard toys box",,,KEEP_DISTINCT,"Distinct product title and source-backed DNA.",YES
7082,"CARD GAME PACKAGING BOX",http://localhost/hopgiayvpn/product/card-game-packaging-box/,200,"Commercial investigation — source card game packaging box for toys; evaluate folding carton card game box.","card game packaging box","folding carton card game box","toys packaging box","card game packaging box manufacturer","folding carton card game box for toys","sbs paperboard toys box",,,KEEP_DISTINCT,"Distinct product title and source-backed DNA.",YES
7083,"CHILDRENS CRAFT KIT PACKAGING BOX",http://localhost/hopgiayvpn/product/childrens-craft-kit-packaging-box/,200,"Commercial investigation — source children s craft kit packaging box for toys; evaluate children s craft kit mailer box.","children s craft kit packaging box","children s craft kit mailer box","toys packaging box","children s craft kit packaging box manufacturer","children s craft kit mailer box for toys","sbs paperboard toys box",,,KEEP_DISTINCT,"Distinct product title and source-backed DNA.",YES
7084,"COLLECTIBLE FIGURE PACKAGING BOX",http://localhost/hopgiayvpn/product/collectible-figure-packaging-box/,200,"Commercial investigation — source collectible figure packaging box for toys; evaluate window collectible figure carton.","collectible figure packaging box","window collectible figure carton","toys packaging box","collectible figure packaging box manufacturer","window collectible figure carton for toys","sbs paperboard toys box",,,KEEP_DISTINCT,"Distinct product title and source-backed DNA.",YES
7085,"CUSTOM TOY PACKAGING BOX",http://localhost/hopgiayvpn/product/custom-toy-packaging-box/,200,"Commercial investigation — source custom toy packaging box for toys; evaluate toy building block packaging box.","custom toy packaging box","toy building block packaging box","toys packaging box","custom toy packaging box manufacturer","toy building block packaging box for toys","sbs paperboard toys box",,,KEEP_AS_VARIANT,"Related commercial intent with source-backed differences: structure, insert/support",YES
7086,"EDUCATIONAL TOY PACKAGING BOX",http://localhost/hopgiayvpn/product/educational-toy-packaging-box/,200,"Commercial investigation — source educational toy packaging box for toys; evaluate rigid educational toy set box.","educational toy packaging box","rigid educational toy set box","toys packaging box","educational toy packaging box manufacturer","rigid educational toy set box for toys","sbs paperboard toys box",,,KEEP_AS_VARIANT,"Related commercial intent with source-backed differences: structure, insert/support",YES
7087,"PUZZLE PACKAGING BOX",http://localhost/hopgiayvpn/product/puzzle-packaging-box/,200,"Commercial investigation — source puzzle packaging box for toys; evaluate rigid jigsaw puzzle box.","puzzle packaging box","rigid jigsaw puzzle box","toys packaging box","puzzle packaging box manufacturer","rigid jigsaw puzzle box for toys","sbs paperboard toys box",,,KEEP_DISTINCT,"Distinct product title and source-backed DNA.",YES
7088,"COFFEE CAPSULE PACKAGING BOX",http://localhost/hopgiayvpn/product/coffee-capsule-packaging-box/,200,"Commercial investigation — source coffee capsule packaging box for tea; evaluate coffee capsule compartment box.","coffee capsule packaging box","coffee capsule compartment box","tea packaging box","coffee capsule packaging box manufacturer","coffee capsule compartment box for tea","sbs paperboard tea box",,,KEEP_DISTINCT,"Distinct product title and source-backed DNA.",YES
7089,"COFFEE DRIP BAG PACKAGING BOX",http://localhost/hopgiayvpn/product/coffee-drip-bag-packaging-box/,200,"Commercial investigation — source coffee drip bag packaging box for tea; evaluate vertical drip coffee sachet carton.","coffee drip bag packaging box","vertical drip coffee sachet carton","tea packaging box","coffee drip bag packaging box manufacturer","vertical drip coffee sachet carton for tea","sbs paperboard tea box",,,KEEP_DISTINCT,"Distinct product title and source-backed DNA.",YES
7090,"CUSTOM COFFEE BEAN PACKAGING BOX",http://localhost/hopgiayvpn/product/custom-coffee-bean-packaging-box/,200,"Commercial investigation — source custom coffee bean packaging box for tea; evaluate coffee bean pouch folding carton.","custom coffee bean packaging box","coffee bean pouch folding carton","tea packaging box","custom coffee bean packaging box manufacturer","coffee bean pouch folding carton for tea","sbs paperboard tea box",,,KEEP_AS_VARIANT,"Related commercial intent with source-backed differences: structure, insert/support",YES
7091,"CUSTOM TEA BAG PACKAGING BOX",http://localhost/hopgiayvpn/product/custom-tea-bag-packaging-box/,200,"Commercial investigation — source custom tea bag packaging box for tea; evaluate tea bag folding carton.","custom tea bag packaging box","tea bag folding carton","tea packaging box","custom tea bag packaging box manufacturer","tea bag folding carton for tea","sbs paperboard tea box",,,KEEP_DISTINCT,"Distinct product title and source-backed DNA.",YES
7092,"LOOSE LEAF TEA PACKAGING BOX",http://localhost/hopgiayvpn/product/loose-leaf-tea-packaging-box/,200,"Commercial investigation — source loose leaf tea packaging box for tea; evaluate loose leaf tea pouch carton.","loose leaf tea packaging box","loose leaf tea pouch carton","tea packaging box","loose leaf tea packaging box manufacturer","loose leaf tea pouch carton for tea","sbs paperboard tea box",,,KEEP_AS_VARIANT,"Related commercial intent with source-backed differences: structure, insert/support",YES
7093,"TEA COFFEE GIFT SET BOX",http://localhost/hopgiayvpn/product/tea-coffee-gift-set-box/,200,"Commercial investigation — source tea coffee gift set box for tea; evaluate rigid tea and coffee gift set box.","tea coffee gift set box","rigid tea and coffee gift set box","tea packaging box","tea coffee gift set box manufacturer","rigid tea and coffee gift set box for tea","sbs paperboard tea box",,,KEEP_DISTINCT,"Distinct product title and source-backed DNA.",YES
7094,"TEA GIFT BOX WITH COMPARTMENTS",http://localhost/hopgiayvpn/product/tea-gift-box-with-compartments/,200,"Commercial investigation — source tea gift box with compartments for tea; evaluate compartment tea drawer gift box.","tea gift box with compartments","compartment tea drawer gift box","tea packaging box","tea gift box with compartments manufacturer","compartment tea drawer gift box for tea","sbs paperboard tea box",,,KEEP_DISTINCT,"Distinct product title and source-backed DNA.",YES
7095,"CUSTOM PET FOOD PACKAGING BOX",http://localhost/hopgiayvpn/product/custom-pet-food-packaging-box/,200,"Commercial investigation — source custom pet food packaging box for pet food; evaluate pet food pouch folding carton.","custom pet food packaging box","pet food pouch folding carton","pet food packaging box","custom pet food packaging box manufacturer","pet food pouch folding carton for pet food","sbs paperboard pet food box",,,KEEP_AS_VARIANT,"Related commercial intent with source-backed differences: structure, opening/closure, insert/support, packed product/use",YES
7096,"CUSTOM PET TREAT PACKAGING BOX",http://localhost/hopgiayvpn/product/custom-pet-treat-packaging-box/,200,"Commercial investigation — source custom pet treat packaging box for pet food; evaluate pet treat window folding carton.","custom pet treat packaging box","pet treat window folding carton","pet food packaging box","custom pet treat packaging box manufacturer","pet treat window folding carton for pet food","sbs paperboard pet food box",,,KEEP_DISTINCT,"Distinct product title and source-backed DNA.",YES
7097,"PET ACCESSORY GIFT BOX",http://localhost/hopgiayvpn/product/pet-accessory-gift-box/,200,"Commercial investigation — source pet accessory gift box for pet food; evaluate rigid pet accessory gift box.","pet accessory gift box","rigid pet accessory gift box","pet food packaging box","pet accessory gift box manufacturer","rigid pet accessory gift box for pet food","sbs paperboard pet food box",,,KEEP_DISTINCT,"Distinct product title and source-backed DNA.",YES
7098,"PET GROOMING PRODUCT PACKAGING BOX",http://localhost/hopgiayvpn/product/pet-grooming-product-packaging-box/,200,"Commercial investigation — source pet grooming product packaging box for pet food; evaluate pet grooming bottle folding carton.","pet grooming product packaging box","pet grooming bottle folding carton","pet food packaging box","pet grooming product packaging box manufacturer","pet grooming bottle folding carton for pet food","sbs paperboard pet food box",,,KEEP_DISTINCT,"Distinct product title and source-backed DNA.",YES
7099,"PET PRODUCT SAMPLE KIT BOX",http://localhost/hopgiayvpn/product/pet-product-sample-kit-box/,200,"Commercial investigation — source pet product sample kit box for pet food; evaluate pet product sample kit mailer.","pet product sample kit box","pet product sample kit mailer","pet food packaging box","pet product sample kit box manufacturer","pet product sample kit mailer for pet food","sbs paperboard pet food box",,,KEEP_DISTINCT,"Distinct product title and source-backed DNA.",YES
7100,"PET SUBSCRIPTION MAILER BOX",http://localhost/hopgiayvpn/product/pet-subscription-mailer-box/,200,"Commercial investigation — source pet subscription mailer box for pet food; evaluate corrugated pet subscription mailer.","pet subscription mailer box","corrugated pet subscription mailer","pet food packaging box","pet subscription mailer box manufacturer","corrugated pet subscription mailer for pet food","sbs paperboard pet food box",,,KEEP_DISTINCT,"Distinct product title and source-backed DNA.",YES
7101,"PET SUPPLEMENT PACKAGING BOX",http://localhost/hopgiayvpn/product/pet-supplement-packaging-box/,200,"Commercial investigation — source pet supplement packaging box for pet food; evaluate pet supplement bottle folding carton.","pet supplement packaging box","pet supplement bottle folding carton","pet food packaging box","pet supplement packaging box manufacturer","pet supplement bottle folding carton for pet food","sbs paperboard pet food box",,,KEEP_DISTINCT,"Distinct product title and source-backed DNA.",YES
7181,"CUSTOM WHITE PAPER SHOPPING BAG WITH BROWN ROPE HANDLES",http://localhost/hopgiayvpn/product/custom-white-paper-shopping-bag-with-brown-rope-handles/,200,"Commercial investigation — source white paper shopping bag with brown rope handles for fashion; evaluate custom paper shopping bag.","white paper shopping bag with brown rope handles","custom paper shopping bag","fashion packaging box","white paper shopping bag with brown rope handles manufacturer","custom paper shopping bag for fashion","white kraft paper fashion box",,,KEEP_AS_VARIANT,"Related commercial intent with source-backed differences: structure, packed product/use",YES
7187,"CUSTOM RUST PAPER SHOPPING BAG WITH ROPE HANDLES",http://localhost/hopgiayvpn/product/custom-rust-paper-shopping-bag-with-rope-handles/,200,"Commercial investigation — source rust paper shopping bag with rope handles for apparel; evaluate custom paper shopping bag.","rust paper shopping bag with rope handles","custom paper shopping bag","apparel packaging box","rust paper shopping bag with rope handles manufacturer","custom paper shopping bag for apparel","dyed kraft paper apparel box",,,KEEP_AS_VARIANT,"Related commercial intent with source-backed differences: structure, packed product/use",YES
7192,"CUSTOM PINK PAPER GIFT BAG WITH TWISTED HANDLES",http://localhost/hopgiayvpn/product/custom-pink-paper-gift-bag-with-twisted-handles/,200,"Commercial investigation — source pink paper gift bag with twisted handles for beauty; evaluate custom paper shopping bag.","pink paper gift bag with twisted handles","custom paper shopping bag","beauty packaging box","pink paper gift bag with twisted handles manufacturer","custom paper shopping bag for beauty","colored kraft paper or printed white kraft selected for crisp folds and lightweight gift retail beauty box",,,KEEP_DISTINCT,"Distinct product title and source-backed DNA.",YES
7199,"CUSTOM LIME GREEN PAPER SHOPPING BAG WITH ROPE HANDLES",http://localhost/hopgiayvpn/product/custom-lime-green-paper-shopping-bag-with-rope-handles/,200,"Commercial investigation — source lime green paper shopping bag with rope handles for wellness; evaluate custom paper shopping bag.","lime green paper shopping bag with rope handles","custom paper shopping bag","wellness packaging box","lime green paper shopping bag with rope handles manufacturer","custom paper shopping bag for wellness","dyed lime kraft paper wellness box",,,KEEP_AS_VARIANT,"Related commercial intent with source-backed differences: structure, packed product/use",YES
7204,"CUSTOM BIRTHDAY PAPER GIFT BAG WITH CANDLE PRINT",http://localhost/hopgiayvpn/product/custom-birthday-paper-gift-bag-with-candle-print/,200,"Commercial investigation — source birthday paper gift bag with candle print for party supplies; evaluate custom paper shopping bag.","birthday paper gift bag with candle print","custom paper shopping bag","party supplies packaging box","birthday paper gift bag with candle print manufacturer","custom paper shopping bag for party supplies","printed white kraft paper or coated art paper selected for bright multicolor graphics and crisp small details party supplies box",,,KEEP_AS_VARIANT,"Related commercial intent with source-backed differences: structure, packed product/use",YES
7209,"CUSTOM BIRTHDAY PAPER GIFT BAG WITH PRESENT PRINT",http://localhost/hopgiayvpn/product/custom-birthday-paper-gift-bag-with-present-print/,200,"Commercial investigation — source birthday paper gift bag with present print for department stores; evaluate custom paper shopping bag.","birthday paper gift bag with present print","custom paper shopping bag","department stores packaging box","birthday paper gift bag with present print manufacturer","custom paper shopping bag for department stores","printed white kraft or coated art paper with good opacity for multicolor present and confetti artwork department stores box",,,KEEP_AS_VARIANT,"Related commercial intent with source-backed differences: structure, packed product/use",YES
7291,"CUSTOM CHRISTMAS GIFT BOX WITH RIBBON",http://localhost/hopgiayvpn/product/custom-christmas-gift-box-with-ribbon/,200,"Commercial investigation — source custom christmas gift box with ribbon for corporate holiday gifts; evaluate two piece lid and base rigid gift box with ribbon bow.","custom christmas gift box with ribbon","two piece lid and base rigid gift box with ribbon bow","corporate holiday gifts packaging box","custom christmas gift box with ribbon manufacturer","two piece lid and base rigid gift box with ribbon bow for corporate holiday gifts","rigid greyboard or recycled solid board wrapped with printed art paper or specialty paper corporate holiday gifts box",,,KEEP_DISTINCT,"Distinct product title and source-backed DNA.",YES
